Temperature (K)	Pressure (MPa)	Therm. Cond. (W/m*K)	Reference
111.430	0.553	0.18470	Roder
111.331	11.637	0.19720	Roder
111.483	22.691	0.20770	Roder
111.328	34.113	0.21750	Roder
111.205	44.929	0.22620	Roder
111.081	56.736	0.23530	Roder
110.962	68.644	0.24370	Roder
133.874	0.315	0.01480	Roder
134.867	0.764	0.15190	Roder
134.906	11.709	0.16700	Roder
134.752	22.962	0.18000	Roder
134.872	34.177	0.19130	Roder
134.713	45.576	0.20190	Roder
134.823	56.748	0.21140	Roder
134.643	67.926	0.22030	Roder
144.330	0.357	0.01590	Roder
144.024	0.650	0.01660	Roder
153.922	0.429	0.01700	Roder
154.234	0.731	0.01770	Roder
153.919	1.082	0.01860	Roder
154.911	1.597	0.12270	Roder
154.745	6.754	0.13270	Roder
154.976	14.577	0.14460	Roder
155.097	25.314	0.15840	Roder
155.214	35.994	0.17020	Roder
155.063	46.630	0.18130	Roder
154.875	56.924	0.19100	Roder
154.708	67.033	0.19980	Roder
164.385	0.446	0.01810	Roder
164.059	0.935	0.01900	Roder
163.617	1.657	0.02140	Roder
174.541	0.406	0.01910	Roder
174.157	1.015	0.02020	Roder
173.754	1.751	0.02200	Roder
173.252	2.461	0.02560	Roder
174.692	2.644	0.09420	Roder
174.610	4.614	0.10060	Roder
174.751	12.708	0.11800	Roder
174.995	19.722	0.12920	Roder
175.148	26.452	0.13830	Roder
175.004	33.796	0.14760	Roder
175.218	41.284	0.15590	Roder
175.099	48.146	0.16310	Roder
174.935	55.058	0.17030	Roder
174.834	61.639	0.17640	Roder
175.000	68.370	0.18230	Roder
184.665	0.752	0.02060	Roder
184.844	1.508	0.02200	Roder
184.439	2.252	0.02400	Roder
184.145	2.884	0.02700	Roder
183.857	3.450	0.03320	Roder
199.304	1.013	0.02270	Roder
198.607	1.531	0.02330	Roder
198.700	2.670	0.02590	Roder
198.365	3.520	0.02880	Roder
198.363	4.156	0.03250	Roder
198.100	4.569	0.03650	Roder
198.138	4.861	0.04050	Roder
197.697	5.049	0.04510	Roder
197.626	5.173	0.04930	Roder
197.637	5.230	0.05150	Roder
197.537	5.329	0.05460	Roder
197.640	5.408	0.05840	Roder
197.864	5.500	0.06220	Roder
197.960	5.693	0.06940	Roder
198.181	5.965	0.07200	Roder
198.182	6.571	0.07410	Roder
198.136	7.445	0.07760	Roder
198.394	8.898	0.08270	Roder
198.758	11.179	0.08910	Roder
198.640	14.450	0.09680	Roder
199.026	19.219	0.10600	Roder
200.169	26.071	0.11510	Roder
200.430	35.264	0.12740	Roder
200.230	47.242	0.14130	Roder
200.558	62.619	0.15670	Roder
200.555	69.419	0.16350	Roder
214.229	1.068	0.02430	Roder
214.546	1.747	0.02530	Roder
214.110	3.036	0.02760	Roder
213.843	4.165	0.03070	Roder
214.155	5.022	0.03410	Roder
214.174	5.811	0.03850	Roder
213.909	6.372	0.04280	Roder
213.563	6.929	0.04850	Roder
213.239	7.357	0.05330	Roder
213.342	7.760	0.05720	Roder
213.495	8.255	0.06090	Roder
213.436	8.697	0.06400	Roder
213.605	9.310	0.06700	Roder
214.274	10.069	0.06970	Roder
214.386	11.106	0.07350	Roder
214.475	12.419	0.07760	Roder
215.019	14.257	0.08190	Roder
215.367	16.765	0.08730	Roder
215.152	20.273	0.09440	Roder
215.458	24.888	0.10210	Roder
215.191	31.249	0.11160	Roder
214.914	39.616	0.12230	Roder
215.174	48.551	0.13230	Roder
215.416	57.649	0.14150	Roder
215.167	66.102	0.14990	Roder
215.146	69.271	0.15310	Roder
234.032	0.978	0.02640	Roder
235.091	3.146	0.02940	Roder
234.443	5.136	0.03360	Roder
234.917	7.132	0.03940	Roder
233.946	9.427	0.05040	Roder
234.177	11.472	0.05920	Roder
234.489	13.602	0.06620	Roder
234.368	15.751	0.07230	Roder
234.156	17.693	0.07700	Roder
233.996	20.535	0.08280	Roder
234.454	23.411	0.08780	Roder
234.323	26.932	0.09360	Roder
234.387	30.364	0.09900	Roder
234.158	34.090	0.10360	Roder
234.589	37.547	0.10800	Roder
234.483	41.020	0.11230	Roder
234.423	44.352	0.11640	Roder
234.300	47.930	0.12030	Roder
234.276	51.243	0.12400	Roder
234.676	55.102	0.12780	Roder
234.636	58.416	0.13110	Roder
234.566	61.886	0.13440	Roder
234.491	65.384	0.13790	Roder
234.492	68.759	0.14120	Roder
254.900	1.019	0.02890	Roder
255.589	2.715	0.03080	Roder
254.985	4.725	0.03370	Roder
254.668	6.554	0.03710	Roder
255.612	6.789	0.03770	Roder
254.994	8.786	0.04280	Roder
255.303	11.185	0.04940	Roder
254.923	13.271	0.05560	Roder
255.348	15.399	0.06120	Roder
255.114	17.521	0.06630	Roder
254.901	20.353	0.07240	Roder
255.262	23.423	0.07780	Roder
254.972	26.850	0.08340	Roder
254.910	30.399	0.08880	Roder
254.840	33.908	0.09370	Roder
254.834	37.374	0.09810	Roder
255.712	40.729	0.10220	Roder
255.337	44.632	0.10630	Roder
255.228	48.089	0.11020	Roder
255.159	51.673	0.11390	Roder
255.275	56.207	0.11840	Roder
254.844	59.686	0.12210	Roder
255.191	63.257	0.12560	Roder
255.135	66.476	0.12870	Roder
274.936	1.015	0.03140	Roder
275.113	2.496	0.03280	Roder
274.767	4.448	0.03500	Roder
274.636	6.507	0.03810	Roder
276.448	8.404	0.04130	Roder
275.848	10.555	0.04550	Roder
275.900	12.675	0.05010	Roder
276.042	14.654	0.05450	Roder
275.731	16.955	0.05940	Roder
275.513	19.154	0.06370	Roder
275.548	21.325	0.06770	Roder
275.376	23.532	0.07150	Roder
275.171	26.986	0.07700	Roder
275.086	30.488	0.08210	Roder
275.696	33.989	0.08680	Roder
275.223	37.530	0.09010	Roder
275.114	41.152	0.09550	Roder
275.014	44.660	0.09950	Roder
274.960	48.079	0.10300	Roder
275.416	51.733	0.10660	Roder
275.391	55.235	0.11020	Roder
275.294	58.748	0.11360	Roder
275.235	62.501	0.11720	Roder
275.175	65.837	0.12010	Roder
275.654	69.253	0.12310	Roder
295.744	0.988	0.03380	Roder
295.507	1.949	0.03460	Roder
295.202	3.913	0.03640	Roder
295.471	5.978	0.03870	Roder
294.956	8.081	0.04150	Roder
294.539	10.369	0.04500	Roder
294.243	12.173	0.04810	Roder
294.691	14.298	0.05170	Roder
294.370	16.381	0.05530	Roder
294.082	18.660	0.05940	Roder
293.899	21.433	0.06410	Roder
294.496	25.128	0.06960	Roder
294.508	28.716	0.07480	Roder
295.407	32.485	0.07940	Roder
295.265	36.136	0.08370	Roder
295.194	39.443	0.08750	Roder
295.160	42.827	0.09120	Roder
295.074	46.333	0.09500	Roder
295.067	50.000	0.09880	Roder
294.925	53.683	0.10230	Roder
294.439	57.061	0.10560	Roder
294.387	60.577	0.10890	Roder
294.307	63.953	0.11200	Roder
294.908	67.321	0.11500	Roder
308.077	1.076	0.03580	Roder
308.321	2.676	0.03720	Roder
308.535	4.743	0.03920	Roder
308.770	6.733	0.04140	Roder
308.465	8.877	0.04410	Roder
308.457	11.039	0.04700	Roder
308.190	13.148	0.05020	Roder
307.983	15.186	0.05320	Roder
308.627	17.278	0.05640	Roder
308.425	19.464	0.05990	Roder
308.247	22.419	0.06420	Roder
308.149	26.028	0.06940	Roder
308.931	29.477	0.07410	Roder
308.562	33.098	0.07830	Roder
308.422	36.520	0.08210	Roder
308.215	39.911	0.08610	Roder
308.821	43.082	0.08930	Roder
308.702	46.727	0.09310	Roder
308.620	50.126	0.09640	Roder
308.585	53.476	0.09970	Roder
308.454	57.009	0.10300	Roder
308.395	60.531	0.10630	Roder
308.364	64.078	0.10930	Roder
312.206	66.676	0.11060	Roder
308.467	67.415	0.11250	Roder
111.827	0.561	0.18427	Roder
111.655	0.556	0.18476	Roder
111.255	0.551	0.18475	Roder
110.983	0.546	0.18512	Roder
111.762	11.644	0.19681	Roder
111.363	11.641	0.19679	Roder
111.215	11.635	0.19754	Roder
110.985	11.630	0.19758	Roder
111.768	22.698	0.20704	Roder
111.688	22.693	0.20762	Roder
111.301	22.688	0.20775	Roder
111.173	22.682	0.20846	Roder
111.613	34.119	0.21681	Roder
111.472	34.117	0.21779	Roder
111.231	34.112	0.21761	Roder
110.997	34.109	0.21796	Roder
111.508	44.939	0.22569	Roder
111.347	44.932	0.22602	Roder
111.101	44.926	0.22624	Roder
110.863	44.920	0.22667	Roder
111.433	56.744	0.23494	Roder
111.181	56.740	0.23517	Roder
110.963	56.735	0.23542	Roder
110.745	56.726	0.23554	Roder
111.218	68.635	0.24325	Roder
111.104	68.639	0.24368	Roder
110.894	68.647	0.24381	Roder
110.631	68.659	0.24405	Roder
134.645	0.316	0.01483	Roder
134.119	0.316	0.01475	Roder
133.606	0.315	0.01475	Roder
133.127	0.314	0.01471	Roder
135.369	0.778	0.15136	Roder
135.054	0.772	0.15181	Roder
134.663	0.761	0.15203	Roder
134.383	0.745	0.15245	Roder
135.395	11.718	0.16643	Roder
135.072	11.715	0.16687	Roder
134.724	11.709	0.16708	Roder
134.433	11.694	0.16755	Roder
135.255	22.964	0.17951	Roder
134.855	22.963	0.18009	Roder
134.596	22.961	0.17996	Roder
134.300	22.959	0.18038	Roder
135.304	34.181	0.19082	Roder
134.983	34.180	0.19106	Roder
134.717	34.177	0.19153	Roder
134.482	34.172	0.19175	Roder
135.055	45.585	0.20144	Roder
134.801	45.577	0.20170	Roder
134.607	45.574	0.20224	Roder
134.390	45.564	0.20225	Roder
135.242	56.761	0.21085	Roder
134.920	56.753	0.21114	Roder
134.722	56.743	0.21186	Roder
134.408	56.735	0.21176	Roder
135.053	67.925	0.21996	Roder
134.764	67.926	0.22006	Roder
134.496	67.926	0.22036	Roder
134.259	67.928	0.22067	Roder
145.151	0.357	0.01597	Roder
144.549	0.357	0.01590	Roder
144.034	0.357	0.01584	Roder
143.587	0.357	0.01584	Roder
144.746	0.650	0.01658	Roder
144.258	0.650	0.01659	Roder
143.690	0.650	0.01660	Roder
143.403	0.650	0.01652	Roder
154.710	0.429	0.01708	Roder
154.129	0.429	0.01717	Roder
153.687	0.429	0.01697	Roder
153.161	0.429	0.01691	Roder
155.000	0.731	0.01781	Roder
154.460	0.731	0.01773	Roder
153.983	0.731	0.01771	Roder
153.493	0.731	0.01762	Roder
154.611	1.082	0.01876	Roder
154.165	1.082	0.01866	Roder
153.622	1.082	0.01864	Roder
153.277	1.082	0.01852	Roder
155.515	1.600	0.12179	Roder
155.080	1.599	0.12260	Roder
154.711	1.598	0.12306	Roder
154.339	1.595	0.12344	Roder
155.315	6.757	0.13193	Roder
154.878	6.755	0.13263	Roder
154.565	6.754	0.13294	Roder
154.223	6.757	0.13318	Roder
155.484	14.577	0.14399	Roder
155.132	14.576	0.14444	Roder
154.797	14.575	0.14487	Roder
154.491	14.579	0.14520	Roder
155.595	25.316	0.15793	Roder
155.239	25.314	0.15829	Roder
154.966	25.310	0.15867	Roder
154.586	25.318	0.15889	Roder
155.724	36.001	0.16952	Roder
155.402	36.001	0.16996	Roder
154.976	35.997	0.17056	Roder
154.755	35.978	0.17093	Roder
155.563	46.637	0.18080	Roder
155.228	46.631	0.18094	Roder
154.890	46.626	0.18148	Roder
154.570	46.626	0.18185	Roder
155.419	56.930	0.19060	Roder
154.980	56.927	0.19079	Roder
154.681	56.921	0.19118	Roder
154.420	56.919	0.19154	Roder
155.151	67.027	0.19946	Roder
154.884	67.028	0.19942	Roder
154.564	67.035	0.20013	Roder
154.234	67.043	0.20037	Roder
165.249	0.446	0.01821	Roder
164.627	0.446	0.01811	Roder
164.008	0.446	0.01807	Roder
163.654	0.446	0.01803	Roder
164.789	0.935	0.01912	Roder
164.336	0.935	0.01912	Roder
163.737	0.935	0.01903	Roder
163.372	0.935	0.01891	Roder
164.151	1.657	0.02141	Roder
163.770	1.657	0.02144	Roder
163.435	1.657	0.02147	Roder
163.111	1.657	0.02141	Roder
175.467	0.406	0.01922	Roder
174.780	0.406	0.01909	Roder
174.244	0.406	0.01911	Roder
173.672	0.406	0.01908	Roder
174.946	1.015	0.02029	Roder
174.370	1.015	0.02015	Roder
173.887	1.015	0.02015	Roder
173.424	1.015	0.02010	Roder
174.393	1.751	0.02207	Roder
173.984	1.751	0.02203	Roder
173.504	1.751	0.02216	Roder
173.135	1.752	0.02194	Roder
173.762	2.459	0.02567	Roder
173.415	2.460	0.02579	Roder
173.064	2.461	0.02585	Roder
172.766	2.462	0.02528	Roder
175.226	4.616	0.09977	Roder
174.785	4.616	0.10043	Roder
174.407	4.615	0.10107	Roder
174.021	4.616	0.10129	Roder
175.360	12.710	0.11736	Roder
175.020	12.708	0.11769	Roder
174.534	12.705	0.11818	Roder
174.088	12.712	0.11862	Roder
175.653	19.724	0.12832	Roder
175.178	19.722	0.12901	Roder
174.793	19.720	0.12957	Roder
174.357	19.724	0.12980	Roder
175.719	26.457	0.13772	Roder
175.380	26.455	0.13811	Roder
174.924	26.450	0.13861	Roder
174.570	26.446	0.13879	Roder
175.558	33.801	0.14701	Roder
175.163	33.796	0.14743	Roder
174.813	33.792	0.14773	Roder
174.483	33.794	0.14827	Roder
175.820	41.291	0.15522	Roder
175.338	41.288	0.15573	Roder
175.061	41.285	0.15608	Roder
174.654	41.276	0.15653	Roder
175.705	48.148	0.16260	Roder
175.305	48.149	0.16291	Roder
174.788	48.142	0.16332	Roder
174.596	48.145	0.16348	Roder
175.547	55.061	0.16959	Roder
175.051	55.062	0.16993	Roder
174.704	55.058	0.17064	Roder
174.439	55.051	0.17091	Roder
175.386	61.637	0.17583	Roder
175.017	61.642	0.17636	Roder
174.659	61.637	0.17657	Roder
174.273	61.641	0.17702	Roder
175.485	68.363	0.18195	Roder
175.204	68.360	0.18224	Roder
174.804	68.375	0.18235	Roder
174.506	68.379	0.18264	Roder
185.421	0.752	0.02072	Roder
184.903	0.752	0.02077	Roder
184.371	0.752	0.02079	Roder
183.963	0.752	0.02011	Roder
185.602	1.507	0.02216	Roder
185.087	1.508	0.02209	Roder
184.516	1.508	0.02206	Roder
184.171	1.508	0.02151	Roder
185.078	2.252	0.02416	Roder
184.541	2.251	0.02397	Roder
184.292	2.252	0.02374	Roder
183.844	2.252	0.02407	Roder
184.688	2.884	0.02694	Roder
184.300	2.884	0.02699	Roder
183.918	2.884	0.02692	Roder
183.674	2.885	0.02723	Roder
184.243	3.449	0.03246	Roder
183.964	3.449	0.03251	Roder
183.733	3.450	0.03364	Roder
183.486	3.450	0.03404	Roder
199.676	1.013	0.02271	Roder
199.006	1.013	0.02269	Roder
199.033	1.014	0.02260	Roder
198.544	1.014	0.02258	Roder
199.330	1.531	0.02344	Roder
198.735	1.531	0.02344	Roder
198.347	1.532	0.02324	Roder
198.016	1.531	0.02290	Roder
199.379	2.669	0.02582	Roder
198.893	2.670	0.02592	Roder
198.471	2.671	0.02586	Roder
198.055	2.669	0.02589	Roder
198.901	3.520	0.02876	Roder
198.535	3.520	0.02894	Roder
198.178	3.520	0.02884	Roder
197.847	3.519	0.02874	Roder
198.920	4.156	0.03241	Roder
198.545	4.156	0.03246	Roder
198.129	4.156	0.03235	Roder
197.856	4.156	0.03271	Roder
198.576	4.568	0.03611	Roder
198.243	4.568	0.03640	Roder
197.957	4.569	0.03666	Roder
197.623	4.568	0.03688	Roder
198.546	4.860	0.04013	Roder
198.321	4.860	0.04052	Roder
197.947	4.861	0.04067	Roder
197.737	4.861	0.04065	Roder
198.059	5.049	0.04489	Roder
197.769	5.049	0.04498	Roder
197.600	5.049	0.04524	Roder
197.361	5.049	0.04518	Roder
197.928	5.172	0.04844	Roder
197.711	5.172	0.04906	Roder
197.542	5.172	0.04972	Roder
197.323	5.172	0.04996	Roder
197.897	5.229	0.05060	Roder
197.733	5.229	0.05105	Roder
197.549	5.230	0.05194	Roder
197.367	5.229	0.05249	Roder
197.769	5.328	0.05377	Roder
197.637	5.328	0.05438	Roder
197.424	5.329	0.05510	Roder
197.318	5.328	0.05535	Roder
197.894	5.407	0.05720	Roder
197.711	5.408	0.05796	Roder
197.560	5.408	0.05854	Roder
197.396	5.407	0.05971	Roder
198.115	5.500	0.06127	Roder
197.914	5.500	0.06186	Roder
197.829	5.500	0.06256	Roder
197.597	5.499	0.06301	Roder
198.226	5.692	0.06875	Roder
198.053	5.692	0.06921	Roder
197.882	5.692	0.06919	Roder
197.678	5.693	0.07018	Roder
198.474	5.965	0.07159	Roder
198.275	5.966	0.07175	Roder
198.070	5.966	0.07203	Roder
197.904	5.967	0.07253	Roder
198.471	6.571	0.07406	Roder
198.290	6.571	0.07372	Roder
198.023	6.572	0.07424	Roder
197.943	6.571	0.07435	Roder
198.650	7.445	0.07703	Roder
198.306	7.446	0.07759	Roder
197.917	7.447	0.07758	Roder
197.672	7.447	0.07822	Roder
198.998	8.899	0.08202	Roder
198.586	8.899	0.08243	Roder
198.134	8.900	0.08295	Roder
197.859	8.900	0.08331	Roder
199.382	11.180	0.08843	Roder
198.850	11.180	0.08894	Roder
198.640	11.180	0.08921	Roder
198.159	11.180	0.08973	Roder
199.233	14.451	0.09632	Roder
198.829	14.449	0.09669	Roder
198.513	14.449	0.09701	Roder
197.985	14.452	0.09736	Roder
199.647	19.223	0.10559	Roder
199.171	19.221	0.10573	Roder
198.766	19.217	0.10577	Roder
198.521	19.214	0.10675	Roder
200.860	26.073	0.11455	Roder
200.358	26.073	0.11503	Roder
199.942	26.070	0.11546	Roder
199.516	26.067	0.11552	Roder
201.141	35.267	0.12669	Roder
200.642	35.265	0.12733	Roder
200.211	35.263	0.12763	Roder
199.725	35.263	0.12779	Roder
200.885	47.247	0.14078	Roder
200.367	47.244	0.14141	Roder
199.989	47.240	0.14138	Roder
199.680	47.238	0.14174	Roder
201.164	62.619	0.15625	Roder
200.687	62.619	0.15668	Roder
200.378	62.620	0.15687	Roder
200.002	62.621	0.15719	Roder
201.156	69.413	0.16311	Roder
200.706	69.417	0.16328	Roder
200.328	69.421	0.16356	Roder
200.030	69.426	0.16391	Roder
215.053	1.068	0.02440	Roder
214.489	1.068	0.02427	Roder
213.947	1.068	0.02432	Roder
213.426	1.068	0.02411	Roder
215.328	1.747	0.02539	Roder
214.790	1.747	0.02534	Roder
214.260	1.747	0.02527	Roder
213.806	1.748	0.02512	Roder
214.864	3.035	0.02764	Roder
214.326	3.036	0.02749	Roder
213.846	3.036	0.02786	Roder
213.566	3.038	0.02761	Roder
214.431	4.165	0.03069	Roder
214.021	4.165	0.03068	Roder
213.625	4.165	0.03067	Roder
213.296	4.165	0.03069	Roder
215.344	5.021	0.03384	Roder
214.428	5.021	0.03398	Roder
213.774	5.021	0.03421	Roder
213.072	5.021	0.03439	Roder
214.675	5.810	0.03844	Roder
214.439	5.811	0.03821	Roder
214.014	5.813	0.03806	Roder
213.567	5.810	0.03916	Roder
214.369	6.372	0.04281	Roder
214.079	6.373	0.04283	Roder
213.712	6.370	0.04267	Roder
213.474	6.371	0.04309	Roder
213.934	6.928	0.04797	Roder
213.759	6.929	0.04831	Roder
213.375	6.929	0.04862	Roder
213.185	6.930	0.04903	Roder
213.566	7.356	0.05295	Roder
213.304	7.357	0.05301	Roder
213.126	7.358	0.05368	Roder
212.961	7.356	0.05366	Roder
213.712	7.759	0.05644	Roder
213.375	7.759	0.05737	Roder
213.200	7.760	0.05756	Roder
213.080	7.759	0.05726	Roder
213.798	8.254	0.06038	Roder
213.577	8.255	0.06079	Roder
213.415	8.255	0.06104	Roder
213.191	8.255	0.06131	Roder
213.742	8.697	0.06346	Roder
213.550	8.697	0.06392	Roder
213.349	8.698	0.06411	Roder
213.104	8.696	0.06449	Roder
213.965	9.310	0.06672	Roder
213.642	9.311	0.06707	Roder
213.475	9.312	0.06704	Roder
213.336	9.309	0.06724	Roder
214.655	10.068	0.06921	Roder
214.386	10.069	0.06976	Roder
214.165	10.069	0.06979	Roder
213.890	10.070	0.07016	Roder
214.865	11.106	0.07303	Roder
214.535	11.106	0.07333	Roder
214.277	11.106	0.07371	Roder
213.865	11.107	0.07408	Roder
215.388	12.417	0.07699	Roder
214.771	12.418	0.07741	Roder
214.164	12.420	0.07800	Roder
213.575	12.422	0.07822	Roder
215.850	14.257	0.08117	Roder
215.227	14.257	0.08180	Roder
214.710	14.257	0.08221	Roder
214.290	14.256	0.08228	Roder
216.298	16.764	0.08664	Roder
215.635	16.766	0.08724	Roder
215.026	16.764	0.08762	Roder
214.509	16.767	0.08784	Roder
215.935	20.275	0.09375	Roder
215.396	20.274	0.09422	Roder
214.891	20.273	0.09476	Roder
214.387	20.270	0.09491	Roder
216.265	24.891	0.10143	Roder
215.719	24.888	0.10199	Roder
215.148	24.888	0.10220	Roder
214.700	24.886	0.10268	Roder
215.940	31.251	0.11115	Roder
215.396	31.251	0.11137	Roder
214.911	31.248	0.11176	Roder
214.518	31.245	0.11199	Roder
215.647	39.620	0.12178	Roder
215.127	39.618	0.12224	Roder
214.645	39.614	0.12254	Roder
214.236	39.613	0.12271	Roder
215.862	48.553	0.13178	Roder
215.441	48.554	0.13202	Roder
214.911	48.549	0.13238	Roder
214.480	48.547	0.13296	Roder
216.114	57.652	0.14103	Roder
215.631	57.648	0.14139	Roder
215.140	57.648	0.14170	Roder
214.778	57.645	0.14182	Roder
215.841	66.100	0.14935	Roder
215.368	66.103	0.14975	Roder
214.932	66.101	0.15016	Roder
214.525	66.103	0.15037	Roder
215.706	69.263	0.15259	Roder
215.349	69.269	0.15309	Roder
214.975	69.277	0.15329	Roder
214.553	69.276	0.15348	Roder
234.956	0.977	0.02653	Roder
234.383	0.978	0.02645	Roder
233.637	0.978	0.02634	Roder
233.152	0.979	0.02632	Roder
236.032	3.145	0.02945	Roder
235.316	3.146	0.02945	Roder
234.753	3.147	0.02935	Roder
234.261	3.148	0.02936	Roder
235.158	5.135	0.03353	Roder
234.655	5.135	0.03361	Roder
234.220	5.135	0.03361	Roder
233.740	5.135	0.03361	Roder
236.400	7.129	0.03839	Roder
235.396	7.129	0.03946	Roder
234.339	7.131	0.03952	Roder
233.533	7.132	0.04043	Roder
235.044	9.424	0.04971	Roder
234.249	9.425	0.05104	Roder
233.554	9.426	0.05041	Roder
232.938	9.427	0.05029	Roder
235.259	11.469	0.05858	Roder
234.432	11.470	0.05903	Roder
233.788	11.471	0.05974	Roder
233.227	11.472	0.05926	Roder
235.523	13.600	0.06554	Roder
234.841	13.600	0.06603	Roder
234.078	13.601	0.06642	Roder
233.513	13.602	0.06670	Roder
235.351	15.750	0.07173	Roder
234.621	15.750	0.07219	Roder
234.028	15.751	0.07238	Roder
233.472	15.751	0.07282	Roder
235.036	17.692	0.07644	Roder
234.425	17.692	0.07687	Roder
233.812	17.693	0.07712	Roder
233.349	17.693	0.07740	Roder
234.799	20.536	0.08188	Roder
234.255	20.535	0.08272	Roder
233.698	20.535	0.08318	Roder
233.233	20.535	0.08348	Roder
235.343	23.411	0.08734	Roder
234.724	23.411	0.08768	Roder
234.109	23.411	0.08784	Roder
233.639	23.410	0.08845	Roder
235.025	26.932	0.09332	Roder
234.553	26.932	0.09311	Roder
234.168	26.932	0.09383	Roder
233.546	26.931	0.09395	Roder
235.148	30.368	0.09844	Roder
234.592	30.366	0.09894	Roder
234.248	30.361	0.09922	Roder
233.560	30.360	0.09935	Roder
234.964	34.092	0.10331	Roder
234.389	34.091	0.10359	Roder
233.804	34.090	0.10395	Roder
233.473	34.089	0.10356	Roder
235.426	37.551	0.10755	Roder
234.763	37.547	0.10794	Roder
234.319	37.547	0.10824	Roder
233.849	37.543	0.10825	Roder
235.318	41.022	0.11189	Roder
234.701	41.021	0.11212	Roder
234.205	41.021	0.11239	Roder
233.707	41.018	0.11263	Roder
235.189	44.354	0.11637	Roder
234.641	44.354	0.11599	Roder
234.130	44.351	0.11643	Roder
233.731	44.350	0.11693	Roder
235.016	47.931	0.12000	Roder
234.521	47.932	0.12028	Roder
234.030	47.927	0.12052	Roder
233.633	47.928	0.12049	Roder
234.971	51.244	0.12341	Roder
234.454	51.246	0.12389	Roder
234.029	51.243	0.12423	Roder
233.650	51.240	0.12465	Roder
235.440	55.105	0.12730	Roder
234.914	55.104	0.12766	Roder
234.391	55.102	0.12801	Roder
233.958	55.098	0.12822	Roder
235.316	58.418	0.13073	Roder
234.894	58.416	0.13080	Roder
234.436	58.416	0.13120	Roder
233.899	58.413	0.13157	Roder
235.308	61.887	0.13415	Roder
234.767	61.887	0.13448	Roder
234.277	61.885	0.13461	Roder
233.911	61.882	0.13451	Roder
235.226	65.387	0.13752	Roder
234.756	65.384	0.13780	Roder
234.141	65.382	0.13834	Roder
233.842	65.381	0.13807	Roder
235.239	68.761	0.14080	Roder
234.730	68.761	0.14104	Roder
234.268	68.757	0.14156	Roder
233.731	68.757	0.14160	Roder
255.835	1.020	0.02906	Roder
255.177	1.020	0.02900	Roder
254.645	1.019	0.02887	Roder
253.943	1.019	0.02881	Roder
256.518	2.714	0.03098	Roder
255.864	2.714	0.03081	Roder
255.237	2.716	0.03080	Roder
254.735	2.717	0.03076	Roder
255.777	4.718	0.03381	Roder
255.276	4.721	0.03367	Roder
254.679	4.726	0.03365	Roder
254.209	4.732	0.03350	Roder
256.067	6.551	0.03709	Roder
255.011	6.552	0.03707	Roder
254.140	6.555	0.03697	Roder
253.452	6.558	0.03716	Roder
256.771	6.788	0.03763	Roder
255.562	6.788	0.03765	Roder
254.504	6.789	0.03768	Roder
256.308	8.785	0.04254	Roder
255.358	8.785	0.04274	Roder
254.477	8.785	0.04276	Roder
253.831	8.786	0.04315	Roder
256.639	11.182	0.04911	Roder
255.633	11.183	0.04934	Roder
254.824	11.183	0.04949	Roder
254.114	11.187	0.04973	Roder
256.101	13.268	0.05538	Roder
255.217	13.269	0.05549	Roder
254.473	13.270	0.05559	Roder
253.901	13.273	0.05589	Roder
256.416	15.396	0.06085	Roder
255.651	15.397	0.06112	Roder
254.967	15.399	0.06134	Roder
254.357	15.401	0.06167	Roder
256.151	17.518	0.06596	Roder
255.415	17.519	0.06619	Roder
254.730	17.521	0.06643	Roder
254.159	17.522	0.06667	Roder
255.901	20.351	0.07195	Roder
255.130	20.352	0.07227	Roder
254.542	20.353	0.07266	Roder
254.029	20.351	0.07260	Roder
256.273	23.422	0.07746	Roder
255.560	23.422	0.07781	Roder
254.902	23.423	0.07792	Roder
254.313	23.423	0.07809	Roder
255.901	26.850	0.08305	Roder
255.234	26.850	0.08338	Roder
254.549	26.851	0.08345	Roder
254.205	26.849	0.08391	Roder
255.776	30.401	0.08833	Roder
255.193	30.399	0.08852	Roder
254.584	30.400	0.08907	Roder
254.087	30.397	0.08915	Roder
255.663	33.905	0.09323	Roder
255.054	33.907	0.09361	Roder
254.579	33.909	0.09388	Roder
254.064	33.909	0.09394	Roder
255.663	37.376	0.09780	Roder
255.091	37.374	0.09811	Roder
254.512	37.373	0.09820	Roder
254.068	37.374	0.09838	Roder
256.199	40.731	0.10193	Roder
255.692	40.729	0.10218	Roder
255.244	40.727	0.10249	Roder
256.203	44.631	0.10593	Roder
255.607	44.631	0.10628	Roder
254.993	44.631	0.10634	Roder
254.544	44.632	0.10682	Roder
256.097	48.090	0.10970	Roder
255.479	48.089	0.11007	Roder
254.909	48.089	0.11033	Roder
254.428	48.087	0.11059	Roder
255.939	51.674	0.11361	Roder
255.358	51.673	0.11379	Roder
254.925	51.672	0.11397	Roder
254.412	51.673	0.11422	Roder
256.371	56.210	0.11793	Roder
255.786	56.209	0.11819	Roder
255.239	56.207	0.11843	Roder
254.711	56.208	0.11839	Roder
254.267	56.203	0.11912	Roder
255.471	59.687	0.12184	Roder
255.429	59.690	0.12189	Roder
254.396	59.684	0.12209	Roder
254.078	59.683	0.12246	Roder
255.957	63.260	0.12586	Roder
255.379	63.260	0.12659	Roder
254.993	63.255	0.12468	Roder
254.436	63.252	0.12537	Roder
255.922	66.477	0.12880	Roder
255.361	66.480	0.12865	Roder
254.827	66.474	0.12888	Roder
254.429	66.473	0.12852	Roder
275.820	1.015	0.03152	Roder
275.218	1.015	0.03144	Roder
274.623	1.015	0.03134	Roder
274.083	1.016	0.03134	Roder
276.019	2.495	0.03288	Roder
275.382	2.495	0.03289	Roder
274.765	2.496	0.03277	Roder
274.285	2.497	0.03274	Roder
275.546	4.446	0.03509	Roder
275.066	4.447	0.03495	Roder
274.433	4.448	0.03499	Roder
274.021	4.449	0.03489	Roder
275.252	6.508	0.03804	Roder
274.818	6.508	0.03809	Roder
274.354	6.507	0.03807	Roder
274.121	6.507	0.03816	Roder
277.314	8.401	0.04135	Roder
276.746	8.402	0.04134	Roder
276.190	8.405	0.04126	Roder
275.541	8.407	0.04120	Roder
276.595	10.552	0.04551	Roder
276.054	10.553	0.04548	Roder
275.617	10.555	0.04543	Roder
275.127	10.559	0.04547	Roder
276.632	12.673	0.05004	Roder
276.126	12.674	0.05012	Roder
275.640	12.675	0.05008	Roder
275.203	12.678	0.05007	Roder
276.728	14.652	0.05439	Roder
276.201	14.653	0.05443	Roder
275.829	14.655	0.05449	Roder
275.408	14.656	0.05452	Roder
276.345	16.954	0.05929	Roder
275.929	16.954	0.05945	Roder
275.539	16.956	0.05941	Roder
275.111	16.957	0.05939	Roder
276.052	19.153	0.06356	Roder
275.714	19.154	0.06373	Roder
275.280	19.155	0.06382	Roder
275.004	19.155	0.06383	Roder
276.700	21.322	0.06746	Roder
275.909	21.323	0.06757	Roder
275.069	21.324	0.06782	Roder
274.513	21.325	0.06784	Roder
276.428	23.529	0.07133	Roder
275.693	23.529	0.07146	Roder
274.982	23.531	0.07168	Roder
274.401	23.535	0.07155	Roder
276.181	26.983	0.07678	Roder
275.483	26.984	0.07696	Roder
274.770	26.986	0.07718	Roder
274.248	26.988	0.07728	Roder
276.033	30.486	0.08188	Roder
275.358	30.487	0.08186	Roder
274.715	30.488	0.08231	Roder
274.239	30.490	0.08232	Roder
276.647	33.987	0.08653	Roder
276.018	33.989	0.08678	Roder
275.248	33.987	0.08684	Roder
274.869	33.991	0.08710	Roder
276.150	37.531	0.09067	Roder
275.502	37.530	0.08976	Roder
274.848	37.529	0.09182	Roder
274.390	37.528	0.08826	Roder
276.052	41.154	0.09492	Roder
275.385	41.153	0.09586	Roder
274.737	41.151	0.09528	Roder
274.280	41.151	0.09576	Roder
275.921	44.660	0.09929	Roder
275.284	44.660	0.10015	Roder
274.679	44.660	0.09936	Roder
274.171	44.660	0.09927	Roder
275.776	48.079	0.10277	Roder
275.237	48.080	0.10290	Roder
274.656	48.078	0.10284	Roder
274.170	48.078	0.10364	Roder
276.282	51.734	0.10645	Roder
275.668	51.733	0.10652	Roder
275.120	51.733	0.10682	Roder
274.592	51.732	0.10677	Roder
276.367	55.237	0.10987	Roder
275.610	55.235	0.11000	Roder
275.048	55.235	0.11026	Roder
274.537	55.233	0.11059	Roder
276.173	58.748	0.11329	Roder
275.531	58.747	0.11347	Roder
274.999	58.748	0.11361	Roder
274.471	58.749	0.11393	Roder
276.101	62.502	0.11694	Roder
275.477	62.503	0.11710	Roder
274.905	62.499	0.11722	Roder
274.457	62.497	0.11744	Roder
275.948	65.832	0.12004	Roder
275.385	65.838	0.12010	Roder
274.943	65.840	0.12014	Roder
274.423	65.839	0.12016	Roder
276.499	69.251	0.12280	Roder
275.940	69.252	0.12306	Roder
275.379	69.254	0.12327	Roder
274.798	69.256	0.12333	Roder
296.783	0.988	0.03402	Roder
296.042	0.988	0.03389	Roder
295.352	0.988	0.03383	Roder
294.797	0.989	0.03357	Roder
296.430	1.949	0.03477	Roder
295.783	1.949	0.03465	Roder
295.177	1.950	0.03465	Roder
294.638	1.950	0.03451	Roder
296.023	3.911	0.03648	Roder
295.413	3.912	0.03651	Roder
294.915	3.913	0.03640	Roder
294.458	3.914	0.03638	Roder
296.320	5.976	0.03882	Roder
295.741	5.978	0.03879	Roder
295.153	5.981	0.03866	Roder
294.671	5.974	0.03862	Roder
295.849	8.077	0.04152	Roder
295.213	8.079	0.04159	Roder
294.626	8.082	0.04152	Roder
294.135	8.087	0.04146	Roder
295.366	10.365	0.04499	Roder
294.726	10.367	0.04503	Roder
294.274	10.369	0.04496	Roder
293.791	10.373	0.04498	Roder
294.991	12.169	0.04808	Roder
294.453	12.171	0.04798	Roder
293.987	12.173	0.04822	Roder
293.540	12.176	0.04813	Roder
296.186	14.295	0.05170	Roder
295.091	14.297	0.05178	Roder
294.119	14.297	0.05174	Roder
293.367	14.299	0.05159	Roder
295.764	16.379	0.05529	Roder
294.721	16.379	0.05535	Roder
293.904	16.381	0.05534	Roder
293.091	16.382	0.05532	Roder
295.420	18.657	0.05917	Roder
294.415	18.658	0.05936	Roder
293.588	18.659	0.05936	Roder
292.903	18.662	0.05952	Roder
295.068	21.429	0.06390	Roder
294.252	21.432	0.06409	Roder
293.482	21.432	0.06409	Roder
292.793	21.434	0.06431	Roder
295.659	25.128	0.06921	Roder
294.864	25.127	0.06971	Roder
294.012	25.128	0.06969	Roder
293.449	25.126	0.06976	Roder
295.578	28.719	0.07460	Roder
294.771	28.716	0.07485	Roder
294.080	28.712	0.07495	Roder
293.601	28.713	0.07484	Roder
296.573	32.484	0.07914	Roder
295.711	32.483	0.07927	Roder
295.042	32.484	0.07926	Roder
294.303	32.485	0.07989	Roder
296.404	36.134	0.08342	Roder
295.521	36.135	0.08366	Roder
294.862	36.136	0.08384	Roder
294.272	36.136	0.08398	Roder
296.324	39.442	0.08733	Roder
295.531	39.442	0.08743	Roder
294.765	39.444	0.08756	Roder
294.155	39.444	0.08786	Roder
296.156	42.826	0.09103	Roder
295.472	42.826	0.09127	Roder
294.753	42.827	0.09125	Roder
294.259	42.827	0.09136	Roder
296.097	46.333	0.09470	Roder
295.347	46.333	0.09492	Roder
294.739	46.333	0.09497	Roder
294.112	46.334	0.09524	Roder
296.086	49.998	0.09847	Roder
295.349	50.000	0.09867	Roder
294.672	50.000	0.09883	Roder
294.162	50.001	0.09914	Roder
295.878	53.680	0.10213	Roder
295.267	53.681	0.10220	Roder
294.552	53.682	0.10237	Roder
294.003	53.685	0.10249	Roder
295.330	57.061	0.10541	Roder
294.706	57.060	0.10558	Roder
294.110	57.061	0.10584	Roder
293.609	57.062	0.10574	Roder
295.232	60.576	0.10865	Roder
294.648	60.576	0.10885	Roder
294.036	60.578	0.10897	Roder
293.630	60.577	0.10909	Roder
295.187	63.953	0.11177	Roder
294.555	63.958	0.11204	Roder
294.012	63.952	0.11193	Roder
293.475	63.951	0.11241	Roder
295.776	67.319	0.11471	Roder
295.118	67.321	0.11491	Roder
294.631	67.320	0.11510	Roder
294.106	67.323	0.11521	Roder
309.085	1.076	0.03591	Roder
308.341	1.076	0.03610	Roder
307.755	1.077	0.03581	Roder
307.128	1.077	0.03558	Roder
309.214	2.675	0.03742	Roder
308.624	2.675	0.03733	Roder
308.033	2.676	0.03701	Roder
307.414	2.678	0.03693	Roder
309.391	4.743	0.03936	Roder
308.849	4.743	0.03910	Roder
308.250	4.743	0.03915	Roder
307.648	4.744	0.03901	Roder
309.635	6.732	0.04148	Roder
309.040	6.732	0.04153	Roder
308.464	6.733	0.04146	Roder
307.941	6.733	0.04127	Roder
309.267	8.876	0.04426	Roder
308.712	8.876	0.04395	Roder
308.170	8.877	0.04402	Roder
307.710	8.877	0.04403	Roder
310.021	11.038	0.04719	Roder
308.898	11.039	0.04715	Roder
307.879	11.039	0.04683	Roder
307.031	11.039	0.04695	Roder
309.673	13.147	0.05009	Roder
308.603	13.147	0.04996	Roder
307.642	13.148	0.05023	Roder
306.841	13.148	0.05033	Roder
309.353	15.185	0.05320	Roder
308.309	15.186	0.05323	Roder
307.523	15.186	0.05323	Roder
306.746	15.186	0.05325	Roder
310.102	17.278	0.05639	Roder
308.975	17.278	0.05647	Roder
308.110	17.277	0.05644	Roder
307.320	17.276	0.05646	Roder
309.770	19.464	0.05973	Roder
308.761	19.463	0.05986	Roder
307.944	19.463	0.05983	Roder
307.225	19.462	0.06000	Roder
309.480	22.418	0.06411	Roder
308.591	22.418	0.06422	Roder
307.806	22.418	0.06422	Roder
307.109	22.418	0.06411	Roder
309.260	26.028	0.06920	Roder
308.444	26.028	0.06941	Roder
307.756	26.028	0.06941	Roder
307.136	26.028	0.06952	Roder
310.093	29.477	0.07393	Roder
309.235	29.477	0.07395	Roder
308.527	29.476	0.07417	Roder
307.869	29.475	0.07430	Roder
309.694	33.098	0.07815	Roder
308.929	33.097	0.07827	Roder
308.143	33.098	0.07833	Roder
307.480	33.098	0.07850	Roder
309.498	36.518	0.08199	Roder
308.688	36.519	0.08222	Roder
308.056	36.520	0.08215	Roder
307.447	36.521	0.08216	Roder
309.222	39.909	0.08588	Roder
308.550	39.909	0.08603	Roder
307.881	39.911	0.08621	Roder
307.206	39.914	0.08623	Roder
309.943	43.084	0.08913	Roder
309.132	43.083	0.08928	Roder
308.403	43.081	0.08918	Roder
307.807	43.079	0.08970	Roder
309.716	46.727	0.09303	Roder
309.019	46.727	0.09312	Roder
308.324	46.726	0.09305	Roder
307.749	46.725	0.09325	Roder
309.703	50.127	0.09630	Roder
308.899	50.126	0.09644	Roder
308.226	50.126	0.09638	Roder
307.650	50.126	0.09665	Roder
309.618	53.476	0.09950	Roder
308.897	53.476	0.09960	Roder
308.209	53.476	0.09974	Roder
307.616	53.475	0.09982	Roder
309.416	57.009	0.10283	Roder
308.753	57.009	0.10306	Roder
308.134	57.009	0.10301	Roder
307.513	57.008	0.10321	Roder
309.315	60.531	0.10601	Roder
308.655	60.530	0.10623	Roder
308.072	60.531	0.10653	Roder
307.537	60.531	0.10647	Roder
309.320	64.078	0.10919	Roder
308.648	64.078	0.10926	Roder
308.025	64.075	0.10942	Roder
307.462	64.077	0.10948	Roder
313.129	66.672	0.11038	Roder
312.494	66.678	0.11055	Roder
311.828	66.670	0.11076	Roder
311.372	66.685	0.11071	Roder
309.358	67.415	0.11215	Roder
308.758	67.414	0.11244	Roder
308.136	67.414	0.11259	Roder
307.614	67.416	0.11278	Roder
301.10	1.61	0.03585	Clifford et al.
300.98	2.10	0.03606	Clifford et al.
300.90	2.36	0.03635	Clifford et al.
300.89	3.06	0.03698	Clifford et al.
300.64	3.60	0.03729	Clifford et al.
300.54	4.08	0.03772	Clifford et al.
300.35	4.56	0.03822	Clifford et al.
300.30	5.04	0.03873	Clifford et al.
300.15	5.87	0.03967	Clifford et al.
300.05	6.58	0.04039	Clifford et al.
299.95	7.42	0.04157	Clifford et al.
299.85	8.11	0.04290	Clifford et al.
299.73	9.18	0.04400	Clifford et al.
299.61	10.18	0.04558	Clifford et al.
299.49	11.15	0.04704	Clifford et al.
299.40	12.13	0.04868	Clifford et al.
299.32	13.08	0.05026	Clifford et al.
299.16	14.12	0.05184	Clifford et al.
299.09	15.15	0.05368	Clifford et al.
299.05	15.72	0.05455	Clifford et al.
298.93	18.14	0.05883	Clifford et al.
298.88	19.60	0.06132	Clifford et al.
298.80	21.17	0.06353	Clifford et al.
298.78	22.81	0.06630	Clifford et al.
298.77	24.20	0.06831	Clifford et al.
298.73	25.48	0.07068	Clifford et al.
298.73	27.17	0.07269	Clifford et al.
298.65	28.64	0.07464	Clifford et al.
298.66	30.09	0.07669	Clifford et al.
298.65	31.41	0.07835	Clifford et al.
298.65	32.85	0.07991	Clifford et al.
298.65	33.90	0.08148	Clifford et al.
298.67	35.35	0.08276	Clifford et al.
307.48	1.84	0.03645	Assel and Wakeham
307.27	2.60	0.03701	Assel and Wakeham
307.16	3.31	0.03762	Assel and Wakeham
307.03	3.93	0.03809	Assel and Wakeham
306.96	4.49	0.03862	Assel and Wakeham
306.82	5.06	0.03922	Assel and Wakeham
306.73	5.79	0.03999	Assel and Wakeham
306.62	6.48	0.04078	Assel and Wakeham
306.58	7.12	0.04153	Assel and Wakeham
306.87	7.81	0.04271	Assel and Wakeham
306.73	8.36	0.04339	Assel and Wakeham
306.66	8.79	0.04399	Assel and Wakeham
306.52	9.27	0.04465	Assel and Wakeham
96.76	0.101325	0.010255	Johnston and Grilly
125.35	0.101325	0.013368	Johnston and Grilly
140.49	0.101325	0.015096	Johnston and Grilly
155.29	0.101325	0.016757	Johnston and Grilly
169.93	0.101325	0.018435	Johnston and Grilly
185.41	0.101325	0.020104	Johnston and Grilly
201.24	0.101325	0.021945	Johnston and Grilly
216.69	0.101325	0.023782	Johnston and Grilly
231.71	0.101325	0.025594	Johnston and Grilly
246.86	0.101325	0.027422	Johnston and Grilly
262.85	0.101325	0.029393	Johnston and Grilly
278.72	0.101325	0.031422	Johnston and Grilly
290.09	0.101325	0.033581	Johnston and Grilly
324.00	0.101325	0.037597	Johnston and Grilly
338.60	0.101325	0.039911	Johnston and Grilly
353.96	0.101325	0.042000	Johnston and Grilly
368.33	0.101325	0.044890	Johnston and Grilly
383.57	0.101325	0.047597	Johnston and Grilly
299.45	0.10	0.03474	Zheng et al.
299.45	1.07	0.03492	Zheng et al.
299.45	2.04	0.03599	Zheng et al.
299.45	3.00	0.03656	Zheng et al.
299.45	3.97	0.03768	Zheng et al.
299.45	4.94	0.03843	Zheng et al.
299.45	5.91	0.03986	Zheng et al.
299.45	6.88	0.04078	Zheng et al.
299.45	7.79	0.04232	Zheng et al.
299.45	7.84	0.04256	Zheng et al.
299.45	8.81	0.04335	Zheng et al.
299.45	9.78	0.04489	Zheng et al.
299.45	10.75	0.04630	Zheng et al.
299.45	11.71	0.04793	Zheng et al.
299.45	12.68	0.04995	Zheng et al.
299.45	13.65	0.05114	Zheng et al.
299.45	14.62	0.05290	Zheng et al.
299.45	15.54	0.05451	Zheng et al.
299.45	15.59	0.05465	Zheng et al.
275.18	0.101325	0.30480	 Mann and Dickins
276.18	0.101325	0.30619	 Mann and Dickins
277.17	0.101325	0.30853	 Mann and Dickins
279.17	0.101325	0.31079	 Mann and Dickins
281.18	0.101325	0.31372	 Mann and Dickins
283.18	0.101325	0.31372	 Mann and Dickins
275.05	0.101325	0.0314637	 Misic and Thodos
297.75	0.101325	0.0343506	 Misic and Thodos
316.75	0.101325	0.0370702	 Misic and Thodos
348.25	0.101325	0.0418818	 Misic and Thodos
277.594	0.101325	0.031219	 Carmichael et al.
310.928	0.101325	0.035235	 Carmichael et al.
377.594	0.101325	0.044628	 Carmichael et al.
410.928	0.101325	0.050505	 Carmichael et al.
444.261	0.101325	0.055717	 Carmichael et al.
299.8	0.101325	0.0337649	Baker and Brokaw
333	0.101325	0.0381623	Baker and Brokaw
375.5	0.101325	0.0445805	Baker and Brokaw
423.3	0.101325	0.0523711	Baker and Brokaw
472.3	0.101325	0.0604504	Baker and Brokaw
238.70	0.10	0.02608	Sokolova and Golubev
231.80	0.10	0.02525	Sokolova and Golubev
224.80	0.10	0.02445	Sokolova and Golubev
216.40	0.10	0.02347	Sokolova and Golubev
210.00	0.10	0.02271	Sokolova and Golubev
183.20	0.10	0.01968	Sokolova and Golubev
176.80	0.10	0.01901	Sokolova and Golubev
165.30	0.10	0.01775	Sokolova and Golubev
152.60	0.10	0.01639	Sokolova and Golubev
140.30	0.10	0.01507	Sokolova and Golubev
238.70	0.10	0.02608	Sokolova and Golubev
238.80	0.20	0.02613	Sokolova and Golubev
238.80	0.26	0.02616	Sokolova and Golubev
238.50	0.69	0.02622	Sokolova and Golubev
238.50	1.06	0.0268	Sokolova and Golubev
238.80	2.09	0.02771	Sokolova and Golubev
239.00	2.09	0.0279	Sokolova and Golubev
238.80	3.04	0.02917	Sokolova and Golubev
239.00	3.19	0.02912	Sokolova and Golubev
238.80	4.02	0.03052	Sokolova and Golubev
238.80	4.02	0.03048	Sokolova and Golubev
239.00	4.33	0.03119	Sokolova and Golubev
239.00	4.33	0.03073	Sokolova and Golubev
238.80	5.04	0.03228	Sokolova and Golubev
239.20	5.36	0.03299	Sokolova and Golubev
239.20	6.49	0.03576	Sokolova and Golubev
238.50	6.86	0.03718	Sokolova and Golubev
238.30	8.53	0.0435	Sokolova and Golubev
239.00	8.72	0.05045	Sokolova and Golubev
238.50	10.01	0.05161	Sokolova and Golubev
238.50	12.41	0.06205	Sokolova and Golubev
238.50	12.41	0.06167	Sokolova and Golubev
238.50	14.62	0.06778	Sokolova and Golubev
238.50	14.81	0.06904	Sokolova and Golubev
238.50	19.72	0.07913	Sokolova and Golubev
238.50	19.72	0.07842	Sokolova and Golubev
238.50	29.42	0.09399	Sokolova and Golubev
238.80	29.53	0.09366	Sokolova and Golubev
239.00	40.22	0.1066	Sokolova and Golubev
239.00	50.13	0.1169	Sokolova and Golubev
239.00	50.23	0.1172	Sokolova and Golubev
231.80	0.10	0.02525	Sokolova and Golubev
231.80	0.43	0.02539	Sokolova and Golubev
231.80	1.08	0.026	Sokolova and Golubev
231.60	2.07	0.02669	Sokolova and Golubev
231.80	2.07	0.02677	Sokolova and Golubev
231.80	3.04	0.02824	Sokolova and Golubev
231.80	4.12	0.03045	Sokolova and Golubev
231.60	5.20	0.03266	Sokolova and Golubev
231.60	5.20	0.03257	Sokolova and Golubev
231.80	5.99	0.03496	Sokolova and Golubev
231.80	5.99	0.03529	Sokolova and Golubev
231.80	6.58	0.03722	Sokolova and Golubev
232.10	7.16	0.03982	Sokolova and Golubev
231.80	7.16	0.0399	Sokolova and Golubev
231.80	7.99	0.04513	Sokolova and Golubev
231.80	7.99	0.04484	Sokolova and Golubev
231.80	8.34	0.04961	Sokolova and Golubev
231.80	8.84	0.05058	Sokolova and Golubev
231.80	9.96	0.05732	Sokolova and Golubev
231.80	9.96	0.05715	Sokolova and Golubev
231.60	10.89	0.06155	Sokolova and Golubev
231.60	10.89	0.06213	Sokolova and Golubev
231.80	11.88	0.06464	Sokolova and Golubev
231.80	11.88	0.06569	Sokolova and Golubev
231.80	13.49	0.07046	Sokolova and Golubev
231.80	15.30	0.0744	Sokolova and Golubev
231.60	19.72	0.08369	Sokolova and Golubev
231.60	19.72	0.08344	Sokolova and Golubev
231.80	23.79	0.09039	Sokolova and Golubev
231.60	29.53	0.09856	Sokolova and Golubev
224.80	0.10	0.02445	Sokolova and Golubev
224.80	0.30	0.02462	Sokolova and Golubev
224.90	0.30	0.02448	Sokolova and Golubev
224.80	0.61	0.0248	Sokolova and Golubev
225.00	0.69	0.02477	Sokolova and Golubev
224.90	1.06	0.025	Sokolova and Golubev
224.80	1.08	0.02521	Sokolova and Golubev
224.10	2.11	0.02626	Sokolova and Golubev
224.10	2.11	0.02639	Sokolova and Golubev
224.60	3.04	0.02777	Sokolova and Golubev
224.80	3.04	0.02783	Sokolova and Golubev
224.80	4.00	0.0302	Sokolova and Golubev
224.90	4.02	0.03017	Sokolova and Golubev
224.60	4.74	0.03218	Sokolova and Golubev
224.80	5.01	0.0327	Sokolova and Golubev
224.80	5.01	0.03262	Sokolova and Golubev
224.80	5.01	0.03282	Sokolova and Golubev
224.90	6.02	0.03714	Sokolova and Golubev
224.90	6.02	0.03668	Sokolova and Golubev
224.9	6.86	0.0425	Sokolova and Golubev
224.8	6.97	0.04308	Sokolova and Golubev
225.4	7.75	0.05367	Sokolova and Golubev
225.6	7.85	0.05414	Sokolova and Golubev
224.8	8.83	0.06163	Sokolova and Golubev
224.1	9.91	0.06657	Sokolova and Golubev
224.8	9.91	0.06582	Sokolova and Golubev
223.8	11.43	0.07189	Sokolova and Golubev
223.8	11.43	0.07051	Sokolova and Golubev
223.3	12.36	0.07327	Sokolova and Golubev
223.3	12.36	0.07272	Sokolova and Golubev
224.1	14.71	0.07884	Sokolova and Golubev
223.3	14.81	0.07909	Sokolova and Golubev
224.8	16.38	0.08215	Sokolova and Golubev
224.1	20.2	0.08972	Sokolova and Golubev
224.1	20.2	0.08939	Sokolova and Golubev
224.1	25.21	0.09684	Sokolova and Golubev
224.4	29.53	0.1025	Sokolova and Golubev
223.4	38.94	0.1138	Sokolova and Golubev
224.9	39.14	0.1127	Sokolova and Golubev
223.4	48.36	0.123	Sokolova and Golubev
223.4	48.66	0.1229	Sokolova and Golubev
223.4	48.85	0.1237	Sokolova and Golubev
216.4	0.1	0.02347	Sokolova and Golubev
216.3	0.42	0.02361	Sokolova and Golubev
216.1	1.09	0.02414	Sokolova and Golubev
216.1	1.97	0.0253	Sokolova and Golubev
216.1	3.06	0.02752	Sokolova and Golubev
216.3	4.07	0.03041	Sokolova and Golubev
216.3	5.01	0.03397	Sokolova and Golubev
216.3	5.5	0.03743	Sokolova and Golubev
216.3	5.5	0.03751	Sokolova and Golubev
216.1	6.18	0.044	Sokolova and Golubev
216.3	6.58	0.051	Sokolova and Golubev
216.3	6.58	0.05007	Sokolova and Golubev
216.6	6.97	0.0574	Sokolova and Golubev
216.6	6.97	0.05799	Sokolova and Golubev
216.3	7.16	0.06016	Sokolova and Golubev
216.3	7.16	0.05941	Sokolova and Golubev
216.3	7.46	0.06368	Sokolova and Golubev
216.3	7.94	0.06678	Sokolova and Golubev
216.3	7.99	0.06728	Sokolova and Golubev
216.3	8.93	0.07126	Sokolova and Golubev
216.6	11.28	0.07767	Sokolova and Golubev
216.6	12.85	0.08127	Sokolova and Golubev
216.6	15.79	0.08805	Sokolova and Golubev
216.6	19.52	0.09416	Sokolova and Golubev
216.6	19.72	0.0937	Sokolova and Golubev
216.3	25.41	0.1025	Sokolova and Golubev
210	0.1	0.02271	Sokolova and Golubev
209.8	1.1	0.02336	Sokolova and Golubev
208.4	1.41	0.02363	Sokolova and Golubev
209.3	1.77	0.02413	Sokolova and Golubev
210.3	2.08	0.02465	Sokolova and Golubev
209.8	2.41	0.02552	Sokolova and Golubev
209.8	2.41	0.02527	Sokolova and Golubev
207.5	2.91	0.02665	Sokolova and Golubev
210.3	3.07	0.02727	Sokolova and Golubev
210.3	3.07	0.02714	Sokolova and Golubev
209	3.54	0.0291	Sokolova and Golubev
209	3.54	0.02848	Sokolova and Golubev
210.3	3.95	0.03102	Sokolova and Golubev
210.3	3.95	0.03086	Sokolova and Golubev
207.5	4.3	0.03295	Sokolova and Golubev
207.5	4.3	0.03274	Sokolova and Golubev
210.1	5.01	0.03864	Sokolova and Golubev
210.1	5.01	0.03898	Sokolova and Golubev
210.6	5.24	0.04296	Sokolova and Golubev
210.6	5.24	0.04262	Sokolova and Golubev
210.1	5.48	0.04919	Sokolova and Golubev
210.1	5.48	0.05066	Sokolova and Golubev
210.1	5.48	0.04907	Sokolova and Golubev
209.5	5.72	0.05598	Sokolova and Golubev
210.1	5.99	0.06376	Sokolova and Golubev
209.6	6	0.06816	Sokolova and Golubev
210.1	6.1	0.06958	Sokolova and Golubev
210.1	6.1	0.0708	Sokolova and Golubev
210.1	6.2	0.07235	Sokolova and Golubev
210.1	6.2	0.07545	Sokolova and Golubev
209.8	6.94	0.0775	Sokolova and Golubev
209.8	6.94	0.07821	Sokolova and Golubev
206.6	7.32	0.07285	Sokolova and Golubev
209.6	7.32	0.0736	Sokolova and Golubev
209.6	7.32	0.0731	Sokolova and Golubev
209.5	7.35	0.07235	Sokolova and Golubev
209.6	7.35	0.07105	Sokolova and Golubev
209.6	7.66	0.07239	Sokolova and Golubev
210.7	8.24	0.07402	Sokolova and Golubev
210.8	8.24	0.0749	Sokolova and Golubev
210.8	9.91	0.07892	Sokolova and Golubev
210.1	12.46	0.08386	Sokolova and Golubev
209.8	14.71	0.08918	Sokolova and Golubev
210.3	14.92	0.09002	Sokolova and Golubev
209.8	16.78	0.09391	Sokolova and Golubev
209.8	16.78	0.09303	Sokolova and Golubev
210	19.72	0.09814	Sokolova and Golubev
210	30.5	0.1125	Sokolova and Golubev
210	31.2	0.1135	Sokolova and Golubev
209.6	39.73	0.1225	Sokolova and Golubev
209.6	39.73	0.1228	Sokolova and Golubev
209.6	48.95	0.1311	Sokolova and Golubev
209.6	48.95	0.1318	Sokolova and Golubev
209.6	50.52	0.1334	Sokolova and Golubev
195.9	2.19	0.02553	Sokolova and Golubev
195.9	2.19	0.02523	Sokolova and Golubev
195.6	2.19	0.02513	Sokolova and Golubev
195.9	3.14	0.02835	Sokolova and Golubev
195.4	3.14	0.02852	Sokolova and Golubev
195.6	3.14	0.02792	Sokolova and Golubev
195.6	4.13	0.03323	Sokolova and Golubev
195.4	4.13	0.03253	Sokolova and Golubev
195.9	4.15	0.03459	Sokolova and Golubev
194.9	4.15	0.0339	Sokolova and Golubev
195.4	4.18	0.03423	Sokolova and Golubev
195.6	4.18	0.03379	Sokolova and Golubev
195.3	4.51	0.04127	Sokolova and Golubev
195.9	4.66	0.04371	Sokolova and Golubev
195.9	4.81	0.05409	Sokolova and Golubev
194.9	4.81	0.05434	Sokolova and Golubev
195.5	4.92	0.06251	Sokolova and Golubev
195.9	4.93	0.06854	Sokolova and Golubev
194.9	4.93	0.06737	Sokolova and Golubev
194.9	4.93	0.06783	Sokolova and Golubev
195.9	5.04	0.0803	Sokolova and Golubev
195.6	5.04	0.0842	Sokolova and Golubev
195.9	5.05	0.08487	Sokolova and Golubev
195.9	5.06	0.08625	Sokolova and Golubev
195.9	5.07	0.0914	Sokolova and Golubev
195.9	5.08	0.09789	Sokolova and Golubev
194.9	5.09	0.1128	Sokolova and Golubev
195.9	5.1	0.1146	Sokolova and Golubev
194.9	5.1	0.1238	Sokolova and Golubev
194.9	5.11	0.143	Sokolova and Golubev
194.9	5.11	0.147	Sokolova and Golubev
194.9	5.11	0.1439	Sokolova and Golubev
194.9	5.12	0.1498	Sokolova and Golubev
194.9	5.12	0.1487	Sokolova and Golubev
194.9	5.16	0.1631	Sokolova and Golubev
194.9	5.16	0.174	Sokolova and Golubev
194.9	5.16	0.1681	Sokolova and Golubev
194.9	5.16	0.1716	Sokolova and Golubev
194.9	5.16	0.1653	Sokolova and Golubev
194.9	5.17	0.1711	Sokolova and Golubev
194.9	5.26	0.1565	Sokolova and Golubev
194.9	5.28	0.1533	Sokolova and Golubev
194.9	5.28	0.1514	Sokolova and Golubev
194.9	5.28	0.1487	Sokolova and Golubev
194.9	5.35	0.1243	Sokolova and Golubev
194.9	5.35	0.1258	Sokolova and Golubev
194.9	5.35	0.1231	Sokolova and Golubev
194.9	5.4	0.1173	Sokolova and Golubev
194.9	5.47	0.09579	Sokolova and Golubev
194.9	5.48	0.09889	Sokolova and Golubev
194.9	5.5	0.1023	Sokolova and Golubev
194.9	5.5	0.09944	Sokolova and Golubev
194.9	5.5	0.1014	Sokolova and Golubev
194.9	5.5	0.1002	Sokolova and Golubev
194.9	5.5	0.1009	Sokolova and Golubev
194.9	5.51	0.1008	Sokolova and Golubev
194.9	5.52	0.09579	Sokolova and Golubev
194.9	5.52	0.09542	Sokolova and Golubev
194.9	5.52	0.09596	Sokolova and Golubev
194.9	5.62	0.08897	Sokolova and Golubev
194.9	5.62	0.08956	Sokolova and Golubev
194.9	5.62	0.09864	Sokolova and Golubev
194.9	6.09	0.08353	Sokolova and Golubev
194.9	6.09	0.08378	Sokolova and Golubev
195.4	7.05	0.08487	Sokolova and Golubev
195.4	7.05	0.0842	Sokolova and Golubev
195.9	7.06	0.08642	Sokolova and Golubev
194.9	7.09	0.08457	Sokolova and Golubev
194.9	7.1	0.08579	Sokolova and Golubev
194.9	7.1	0.08596	Sokolova and Golubev
195.9	8.15	0.08771	Sokolova and Golubev
195.4	8.15	0.087	Sokolova and Golubev
195.9	9.13	0.09002	Sokolova and Golubev
195.4	9.13	0.08771	Sokolova and Golubev
195.4	9.13	0.08847	Sokolova and Golubev
195.9	10.01	0.0914	Sokolova and Golubev
195.4	10.1	0.09081	Sokolova and Golubev
194.9	10.1	0.09257	Sokolova and Golubev
195.9	12.41	0.0963	Sokolova and Golubev
195.4	12.41	0.09491	Sokolova and Golubev
195.9	12.46	0.09588	Sokolova and Golubev
195.6	12.46	0.09491	Sokolova and Golubev
195.6	14.81	0.1023	Sokolova and Golubev
195.4	14.81	0.1034	Sokolova and Golubev
195.4	14.81	0.1014	Sokolova and Golubev
195.9	19.37	0.1113	Sokolova and Golubev
195.4	19.37	0.1099	Sokolova and Golubev
195.4	22.66	0.1135	Sokolova and Golubev
194.5	22.66	0.1147	Sokolova and Golubev
195.9	22.66	0.1162	Sokolova and Golubev
188.4	2	0.02314	Sokolova and Golubev
188.4	2	0.02255	Sokolova and Golubev
188.6	3.04	0.02587	Sokolova and Golubev
188.9	3.04	0.02541	Sokolova and Golubev
188.6	3.74	0.03635	Sokolova and Golubev
188.9	3.74	0.03513	Sokolova and Golubev
188.9	4.18	0.07088	Sokolova and Golubev
188.9	4.2	0.07691	Sokolova and Golubev
188.6	4.26	0.08717	Sokolova and Golubev
188.6	4.28	0.09487	Sokolova and Golubev
188.6	4.28	0.09512	Sokolova and Golubev
188.6	4.28	0.09345	Sokolova and Golubev
188.6	4.29	0.1007	Sokolova and Golubev
188.6	4.32	0.1064	Sokolova and Golubev
188.6	4.55	0.0911	Sokolova and Golubev
188.6	4.56	0.0937	Sokolova and Golubev
188.6	4.57	0.09898	Sokolova and Golubev
188.6	5.99	0.09412	Sokolova and Golubev
188.4	5.99	0.09324	Sokolova and Golubev
188.4	5.99	0.09458	Sokolova and Golubev
188.4	5.99	0.09395	Sokolova and Golubev
188.4	7.94	0.09479	Sokolova and Golubev
188.4	7.94	0.09462	Sokolova and Golubev
188.2	10.1	0.09743	Sokolova and Golubev
188.2	10.1	0.09713	Sokolova and Golubev
188.2	10.1	0.09814	Sokolova and Golubev
187.9	11.08	0.1003	Sokolova and Golubev
187.9	11.08	0.09906	Sokolova and Golubev
188.6	14.92	0.106	Sokolova and Golubev
188.6	14.92	0.104	Sokolova and Golubev
188.6	19.53	0.1136	Sokolova and Golubev
188.6	19.53	0.1118	Sokolova and Golubev
188.9	19.62	0.1126	Sokolova and Golubev
188.9	19.62	0.1113	Sokolova and Golubev
187.9	20.7	0.1155	Sokolova and Golubev
187.9	20.89	0.1145	Sokolova and Golubev
187.9	20.89	0.1138	Sokolova and Golubev
188.4	29.63	0.1275	Sokolova and Golubev
188.4	29.73	0.1267	Sokolova and Golubev
188.4	29.73	0.1275	Sokolova and Golubev
188.2	39.33	0.1382	Sokolova and Golubev
188.2	39.54	0.138	Sokolova and Golubev
187.9	47.19	0.1474	Sokolova and Golubev
187.9	47.19	0.1455	Sokolova and Golubev
187.9	49.14	0.1491	Sokolova and Golubev
183.2	0.1	0.01968	Sokolova and Golubev
183.2	0.26	0.01968	Sokolova and Golubev
183.7	0.26	0.01995	Sokolova and Golubev
182.9	1.57	0.02177	Sokolova and Golubev
183.2	1.57	0.02165	Sokolova and Golubev
183.2	2.58	0.02575	Sokolova and Golubev
183.2	2.58	0.02546	Sokolova and Golubev
183.2	3.07	0.02863	Sokolova and Golubev
182.9	3.69	0.08747	Sokolova and Golubev
182.9	3.69	0.08856	Sokolova and Golubev
182.9	7.46	0.09666	Sokolova and Golubev
183.2	7.46	0.09862	Sokolova and Golubev
183.5	10.01	0.1051	Sokolova and Golubev
183.5	10.01	0.1023	Sokolova and Golubev
183.5	14.92	0.1125	Sokolova and Golubev
183.5	14.92	0.1118	Sokolova and Golubev
183.7	19.72	0.1189	Sokolova and Golubev
183.7	19.72	0.1201	Sokolova and Golubev
183.5	29.53	0.1317	Sokolova and Golubev
183.5	29.53	0.1333	Sokolova and Golubev
183.5	39.73	0.1427	Sokolova and Golubev
183.2	49.14	0.1527	Sokolova and Golubev
183.2	49.14	0.1515	Sokolova and Golubev
176.8	0.1	0.01901	Sokolova and Golubev
177	0.3	0.01932	Sokolova and Golubev
177	0.3	0.01922	Sokolova and Golubev
175.7	0.91	0.02023	Sokolova and Golubev
176.8	1.67	0.02258	Sokolova and Golubev
176.5	2.61	0.02853	Sokolova and Golubev
176.5	2.61	0.02824	Sokolova and Golubev
176.4	3.83	0.1004	Sokolova and Golubev
176.4	3.83	0.0994	Sokolova and Golubev
176.7	5.01	0.1026	Sokolova and Golubev
176.7	5.01	0.102	Sokolova and Golubev
177	6.24	0.1054	Sokolova and Golubev
177.5	7.95	0.1089	Sokolova and Golubev
176.7	7.95	0.108	Sokolova and Golubev
177	10.06	0.1126	Sokolova and Golubev
177.5	11.68	0.1164	Sokolova and Golubev
177.5	11.68	0.1153	Sokolova and Golubev
176.5	19.72	0.1273	Sokolova and Golubev
176.5	19.72	0.129	Sokolova and Golubev
176.5	29.53	0.1406	Sokolova and Golubev
176.7	39.19	0.1501	Sokolova and Golubev
176.7	39.19	0.1491	Sokolova and Golubev
177	48.8	0.158	Sokolova and Golubev
177	48.8	0.159	Sokolova and Golubev
165.3	0.1	0.01775	Sokolova and Golubev
166	0.75	0.01848	Sokolova and Golubev
164.2	1.54	0.02288	Sokolova and Golubev
164.2	1.54	0.02265	Sokolova and Golubev
165	3.59	0.1247	Sokolova and Golubev
165.5	3.59	0.125	Sokolova and Golubev
164.2	5.2	0.1261	Sokolova and Golubev
165	5.4	0.1268	Sokolova and Golubev
165.3	7.95	0.1313	Sokolova and Golubev
164.7	9.71	0.1342	Sokolova and Golubev
166	14.81	0.1417	Sokolova and Golubev
164.7	20.36	0.1474	Sokolova and Golubev
164.7	20.36	0.1485	Sokolova and Golubev
166.2	29.33	0.1572	Sokolova and Golubev
164.7	29.53	0.1572	Sokolova and Golubev
164.2	39.14	0.1673	Sokolova and Golubev
164.2	49.14	0.1753	Sokolova and Golubev
164.2	49.14	0.1757	Sokolova and Golubev
152.6	0.1	0.01639	Sokolova and Golubev
151.5	0.36	0.01693	Sokolova and Golubev
151.5	0.36	0.01758	Sokolova and Golubev
152.7	1.6	0.1447	Sokolova and Golubev
152.7	3.07	0.1482	Sokolova and Golubev
152.2	7.36	0.1535	Sokolova and Golubev
152.2	7.36	0.1567	Sokolova and Golubev
152.7	9.91	0.1569	Sokolova and Golubev
151.8	10.6	0.1586	Sokolova and Golubev
152.9	14.81	0.1641	Sokolova and Golubev
153.2	14.81	0.164	Sokolova and Golubev
152.7	19.72	0.1711	Sokolova and Golubev
152.9	29.13	0.1806	Sokolova and Golubev
152.7	29.33	0.1782	Sokolova and Golubev
152.9	39.14	0.185	Sokolova and Golubev
152.9	39.14	0.1879	Sokolova and Golubev
152.7	39.24	0.1848	Sokolova and Golubev
152.7	49.14	0.1943	Sokolova and Golubev
140.3	0.1	0.01507	Sokolova and Golubev
140.3	0.3	0.01626	Sokolova and Golubev
140	0.3	0.01636	Sokolova and Golubev
141	1.47	0.1681	Sokolova and Golubev
141	3.36	0.1701	Sokolova and Golubev
141	3.36	0.1705	Sokolova and Golubev
141	5.1	0.1729	Sokolova and Golubev
140.8	5.99	0.1735	Sokolova and Golubev
139.9	7.94	0.1774	Sokolova and Golubev
139.3	7.94	0.174	Sokolova and Golubev
139.5	9.32	0.1774	Sokolova and Golubev
139.5	12.07	0.1808	Sokolova and Golubev
139.5	14.81	0.1832	Sokolova and Golubev
140.3	19.62	0.1884	Sokolova and Golubev
140	19.72	0.1871	Sokolova and Golubev
140	29.72	0.1967	Sokolova and Golubev
140	39.73	0.2012	Sokolova and Golubev
140	49.14	0.2104	Sokolova and Golubev
118.8	0.1	0.01271	Sokolova and Golubev
117.8	0.46	0.1968	Sokolova and Golubev
119	6.97	0.201	Sokolova and Golubev
119.7	11.48	0.2003	Sokolova and Golubev
119.7	11.48	0.2054	Sokolova and Golubev
119.5	14.92	0.2068	Sokolova and Golubev
118	19.72	0.2118	Sokolova and Golubev
117.6	29.53	0.2172	Sokolova and Golubev
117.6	39.24	0.2234	Sokolova and Golubev
119.9	39.43	0.2234	Sokolova and Golubev
119.9	48.75	0.2291	Sokolova and Golubev
119.9	48.95	0.2265	Sokolova and Golubev
108.9	2.95	0.2088	Sokolova and Golubev
108.9	2.95	0.2098	Sokolova and Golubev
109.4	4.7	0.209	Sokolova and Golubev
109.4	4.7	0.2112	Sokolova and Golubev
109.2	9.81	0.2135	Sokolova and Golubev
109.9	14.81	0.2153	Sokolova and Golubev
109.9	14.81	0.2168	Sokolova and Golubev
109.2	19.72	0.2203	Sokolova and Golubev
109.2	19.72	0.22	Sokolova and Golubev
109.4	29.53	0.2256	Sokolova and Golubev
109.4	38.94	0.23	Sokolova and Golubev
109.4	39.14	0.23	Sokolova and Golubev
109.4	49.73	0.2378	Sokolova and Golubev
109.4	49.93	0.235	Sokolova and Golubev
307.350	0.101325	0.0356	 Le Neindre et al.
298.650	0.101325	0.0345	 Le Neindre et al.
368.850	0.101325	0.0451	 Le Neindre et al.
407.950	0.101325	0.0514	 Le Neindre et al.
420.250	0.101325	0.0539	 Le Neindre et al.
465.550	0.101325	0.0623	 Le Neindre et al.
523.350	0.101325	0.0732	 Le Neindre et al.
571.850	0.101325	0.0828	 Le Neindre et al.
575.750	0.101325	0.0846	 Le Neindre et al.
621.450	0.101325	0.094	 Le Neindre et al.
307.350	0.10	0.0356	Le Neindre et al.
298.650	0.14	0.0345	Le Neindre et al.
304.450	1.00	0.0358	Le Neindre et al.
298.550	1.00	0.035	Le Neindre et al.
303.850	4.40	0.0388	Le Neindre et al.
298.450	5.00	0.0384	Le Neindre et al.
306.350	5.80	0.0407	Le Neindre et al.
302.850	7.30	0.0419	Le Neindre et al.
298.850	10.10	0.0455	Le Neindre et al.
304.750	10.50	0.0468	Le Neindre et al.
301.450	10.50	0.0463	Le Neindre et al.
304.150	13.70	0.0513	Le Neindre et al.
299.350	14.70	0.0532	Le Neindre et al.
303.450	16.30	0.0557	Le Neindre et al.
302.750	18.50	0.0593	Le Neindre et al.
298.750	20.40	0.0626	Le Neindre et al.
302.050	21.60	0.0643	Le Neindre et al.
303.250	22.30	0.0654	Le Neindre et al.
302.750	26.90	0.0716	Le Neindre et al.
298.450	30.60	0.077	Le Neindre et al.
302.550	32.30	0.0787	Le Neindre et al.
302.350	38.60	0.0863	Le Neindre et al.
298.650	40.70	0.089	Le Neindre et al.
302.350	45.40	0.0938	Le Neindre et al.
298.750	50.90	0.0997	Le Neindre et al.
302.250	51.40	0.0999	Le Neindre et al.
302.050	58.20	0.1066	Le Neindre et al.
298.650	60.90	0.1088	Le Neindre et al.
301.750	69.00	0.1159	Le Neindre et al.
298.650	71.50	0.1184	Le Neindre et al.
301.650	78.50	0.1232	Le Neindre et al.
298.650	82.10	0.1268	Le Neindre et al.
301.450	87.00	0.1295	Le Neindre et al.
298.550	93.90	0.1344	Le Neindre et al.
301.250	95.90	0.1364	Le Neindre et al.
298.450	101.70	0.1411	Le Neindre et al.
301.150	103.60	0.1419	Le Neindre et al.
301.150	106.90	0.1435	Le Neindre et al.
301.350	116.20	0.1506	Le Neindre et al.
368.850	0.10	0.0451	Le Neindre et al.
368.750	1.10	0.0456	Le Neindre et al.
368.750	4.80	0.0475	Le Neindre et al.
369.050	10.20	0.052	Le Neindre et al.
369.250	20.60	0.0619	Le Neindre et al.
368.850	31.00	0.072	Le Neindre et al.
368.650	41.80	0.0819	Le Neindre et al.
368.550	51.40	0.09	Le Neindre et al.
368.750	60.90	0.0972	Le Neindre et al.
368.750	71.60	0.1051	Le Neindre et al.
368.750	81.50	0.112	Le Neindre et al.
368.550	92.10	0.1192	Le Neindre et al.
368.350	102.30	0.1252	Le Neindre et al.
407.950	0.10	0.0514	Le Neindre et al.
407.650	3.30	0.053	Le Neindre et al.
406.850	10.50	0.058	Le Neindre et al.
406.250	17.60	0.0633	Le Neindre et al.
405.850	24.30	0.0687	Le Neindre et al.
405.650	30.80	0.074	Le Neindre et al.
406.650	38.50	0.0807	Le Neindre et al.
406.150	45.40	0.086	Le Neindre et al.
405.650	52.50	0.0913	Le Neindre et al.
405.150	59.50	0.0963	Le Neindre et al.
404.350	67.20	0.1018	Le Neindre et al.
403.750	77.30	0.1082	Le Neindre et al.
402.850	83.30	0.112	Le Neindre et al.
404.250	95.90	0.1195	Le Neindre et al.
404.250	104.50	0.1243	Le Neindre et al.
404.350	114.70	0.1302	Le Neindre et al.
420.250	0.14	0.0539	Le Neindre et al.
420.250	1.00	0.0544	Le Neindre et al.
420.450	5.00	0.0563	Le Neindre et al.
420.550	10.20	0.0596	Le Neindre et al.
420.450	20.60	0.0671	Le Neindre et al.
420.350	31.00	0.0751	Le Neindre et al.
420.250	40.80	0.0825	Le Neindre et al.
420.250	51.30	0.09	Le Neindre et al.
420.250	60.90	0.0966	Le Neindre et al.
420.150	71.40	0.104	Le Neindre et al.
420.050	81.60	0.11	Le Neindre et al.
419.950	92.10	0.1165	Le Neindre et al.
419.850	101.70	0.1214	Le Neindre et al.
465.550	0.14	0.0623	Le Neindre et al.
465.550	1.00	0.0628	Le Neindre et al.
465.550	5.00	0.0642	Le Neindre et al.
466.050	10.20	0.067	Le Neindre et al.
465.850	20.80	0.0732	Le Neindre et al.
465.650	30.80	0.0796	Le Neindre et al.
465.550	40.80	0.0861	Le Neindre et al.
465.450	51.10	0.0923	Le Neindre et al.
465.350	60.80	0.0982	Le Neindre et al.
465.250	71.00	0.1042	Le Neindre et al.
465.150	81.70	0.1102	Le Neindre et al.
465.150	92.20	0.1161	Le Neindre et al.
464.950	102.50	0.1213	Le Neindre et al.
483.250	0.55	0.0652	Le Neindre et al.
486.850	1.20	0.0664	Le Neindre et al.
483.150	3.40	0.0666	Le Neindre et al.
486.550	6.80	0.0691	Le Neindre et al.
482.850	7.30	0.0686	Le Neindre et al.
482.650	11.80	0.0708	Le Neindre et al.
487.050	15.10	0.0735	Le Neindre et al.
486.650	21.60	0.0772	Le Neindre et al.
485.250	28.40	0.0811	Le Neindre et al.
484.850	35.90	0.0856	Le Neindre et al.
484.550	42.70	0.0898	Le Neindre et al.
484.350	54.10	0.0963	Le Neindre et al.
484.350	55.10	0.0968	Le Neindre et al.
484.050	65.70	0.1025	Le Neindre et al.
483.950	70.60	0.1052	Le Neindre et al.
483.950	72.60	0.1063	Le Neindre et al.
483.750	75.50	0.1078	Le Neindre et al.
483.650	79.40	0.1099	Le Neindre et al.
483.550	84.30	0.1125	Le Neindre et al.
483.550	87.30	0.1142	Le Neindre et al.
483.450	95.10	0.1183	Le Neindre et al.
483.450	104.90	0.1229	Le Neindre et al.
483.450	109.80	0.1251	Le Neindre et al.
483.650	112.80	0.1254	Le Neindre et al.
523.350	0.14	0.0732	Le Neindre et al.
523.350	1.00	0.0737	Le Neindre et al.
523.250	5.00	0.0747	Le Neindre et al.
523.250	10.40	0.0768	Le Neindre et al.
523.150	20.40	0.0816	Le Neindre et al.
523.050	30.70	0.087	Le Neindre et al.
522.950	40.80	0.0922	Le Neindre et al.
522.850	50.90	0.0977	Le Neindre et al.
522.650	60.70	0.1029	Le Neindre et al.
522.650	71.40	0.1083	Le Neindre et al.
522.550	82.40	0.114	Le Neindre et al.
522.450	94.90	0.1202	Le Neindre et al.
571.850	0.10	0.0828	Le Neindre et al.
571.650	5.30	0.0853	Le Neindre et al.
571.450	10.50	0.0873	Le Neindre et al.
571.350	20.70	0.0916	Le Neindre et al.
571.150	30.30	0.0959	Le Neindre et al.
570.850	40.50	0.1006	Le Neindre et al.
570.850	50.90	0.1054	Le Neindre et al.
570.650	60.50	0.1098	Le Neindre et al.
570.550	72.60	0.1152	Le Neindre et al.
570.450	83.70	0.12	Le Neindre et al.
570.350	95.40	0.1252	Le Neindre et al.
570.250	107.90	0.1304	Le Neindre et al.
570.150	117.40	0.1343	Le Neindre et al.
570.050	124.70	0.1375	Le Neindre et al.
575.750	0.10	0.0846	Le Neindre et al.
575.750	1.00	0.0852	Le Neindre et al.
575.750	5.10	0.0861	Le Neindre et al.
575.350	10.10	0.0874	Le Neindre et al.
575.650	20.50	0.0918	Le Neindre et al.
575.550	30.60	0.0962	Le Neindre et al.
575.450	40.80	0.1007	Le Neindre et al.
575.350	50.70	0.1055	Le Neindre et al.
575.350	60.60	0.1103	Le Neindre et al.
575.250	69.20	0.1142	Le Neindre et al.
575.250	80.60	0.1191	Le Neindre et al.
575.150	91.60	0.1238	Le Neindre et al.
575.050	103.50	0.129	Le Neindre et al.
621.450	0.14	0.094	Le Neindre et al.
621.450	1.00	0.0945	Le Neindre et al.
621.450	5.00	0.0954	Le Neindre et al.
621.450	10.20	0.0968	Le Neindre et al.
621.250	20.30	0.1002	Le Neindre et al.
621.250	30.50	0.104	Le Neindre et al.
621.150	40.50	0.1084	Le Neindre et al.
621.050	50.70	0.1123	Le Neindre et al.
620.950	60.90	0.1167	Le Neindre et al.
620.950	68.40	0.1199	Le Neindre et al.
620.950	81.40	0.1254	Le Neindre et al.
620.950	92.10	0.1294	Le Neindre et al.
620.750	102.20	0.1331	Le Neindre et al.
648.650	0.50	0.0987	Le Neindre et al.
648.550	3.40	0.1005	Le Neindre et al.
648.450	7.00	0.1018	Le Neindre et al.
648.450	11.20	0.1031	Le Neindre et al.
648.250	21.10	0.1062	Le Neindre et al.
648.150	30.50	0.1097	Le Neindre et al.
647.950	40.70	0.1134	Le Neindre et al.
647.950	50.30	0.1173	Le Neindre et al.
647.850	59.40	0.1206	Le Neindre et al.
647.750	71.60	0.1251	Le Neindre et al.
647.650	83.20	0.1293	Le Neindre et al.
647.650	95.10	0.1343	Le Neindre et al.
647.750	117.10	0.1415	Le Neindre et al.
647.850	119.40	0.1423	Le Neindre et al.
648.050	121.10	0.1425	Le Neindre et al.
726.550	1.00	0.1145	Le Neindre et al.
726.450	3.60	0.1153	Le Neindre et al.
725.150	40.10	0.1261	Le Neindre et al.
725.050	50.70	0.1289	Le Neindre et al.
725.150	60.80	0.1313	Le Neindre et al.
725.250	72.00	0.1348	Le Neindre et al.
725.450	81.00	0.1379	Le Neindre et al.
725.750	89.00	0.1417	Le Neindre et al.
323.35	0.101325	0.	Yorizane et al.
319.95	0.101325	0.	Yorizane et al.
316.75	0.101325	0.	Yorizane et al.
312.85	0.101325	0.	Yorizane et al.
309.35	0.101325	0.	Yorizane et al.
308.25	0.101325	0.	Yorizane et al.
303.15	0.101325	0.	Yorizane et al.
297.75	0.101325	0.	Yorizane et al.
303.15	0.101325	0.	Yorizane et al.
309.85	0.101325	0.	Yorizane et al.
316.75	0.101325	0.	Yorizane et al.
317.75	0.101325	0.	Yorizane et al.
323.45	0.101325	0.	Yorizane et al.
323.35	0.10	0.0377	Yorizane et al.
319.95	0.10	0.0375	Yorizane et al.
316.75	0.10	0.0373	Yorizane et al.
312.85	0.10	0.0367	Yorizane et al.
309.35	0.10	0.0363	Yorizane et al.
308.25	0.10	0.0357	Yorizane et al.
303.15	0.10	0.0351	Yorizane et al.
297.75	0.10	0.0344	Yorizane et al.
297.75	2.55	0.0363	Yorizane et al.
297.75	5.10	0.0389	Yorizane et al.
297.75	7.50	0.0424	Yorizane et al.
303.15	0.10	0.0351	Yorizane et al.
303.15	5.30	0.0399	Yorizane et al.
303.25	10.01	0.0463	Yorizane et al.
303.25	14.73	0.0553	Yorizane et al.
309.85	0.10	0.0366	Yorizane et al.
312.95	5.07	0.0411	Yorizane et al.
312.85	9.88	0.0466	Yorizane et al.
316.75	0.10	0.0372	Yorizane et al.
316.75	2.58	0.039	Yorizane et al.
316.75	7.60	0.0443	Yorizane et al.
316.85	9.93	0.0471	Yorizane et al.
316.65	12.31	0.0501	Yorizane et al.
316.75	17.36	0.0579	Yorizane et al.
317.75	0.10	0.0372	Yorizane et al.
317.75	5.15	0.0416	Yorizane et al.
317.75	10.00	0.0472	Yorizane et al.
317.75	14.82	0.0538	Yorizane et al.
317.75	19.71	0.0612	Yorizane et al.
323.45	0.10	0.0377	Yorizane et al.
323.45	9.96	0.0477	Yorizane et al.
323.45	14.80	0.0541	Yorizane et al.
298.15	0.101325	0.0339	 Tanaka et al.
323.15	0.101325	0.0374	 Tanaka et al.
348.15	0.101325	0.0414	 Tanaka et al.
98.9	39.82	0.28736	Ikenberry and Rice
98.93	30.44	0.26761	Ikenberry and Rice
98.99	20.31	0.22548	Ikenberry and Rice
99.01	10.13	0.21652	Ikenberry and Rice
99.02	5.12	0.21171	Ikenberry and Rice
99.02	2.56	0.20916	Ikenberry and Rice
99.03	0.16	0.2069	Ikenberry and Rice
125.47	50.67	0.21899	Ikenberry and Rice
125.49	40.68	0.21012	Ikenberry and Rice
125.55	30.41	0.20033	Ikenberry and Rice
125.53	20.41	0.18991	Ikenberry and Rice
125.54	10.15	0.17824	Ikenberry and Rice
125.61	5.08	0.17138	Ikenberry and Rice
125.62	2.43	0.16803	Ikenberry and Rice
150.23	50.74	0.19238	Ikenberry and Rice
150.25	40.54	0.18284	Ikenberry and Rice
150.28	30.44	0.17167	Ikenberry and Rice
150.28	20.48	0.15954	Ikenberry and Rice
150.28	10.13	0.1456	Ikenberry and Rice
150.29	5.04	0.1374	Ikenberry and Rice
150.3	2.62	0.13288	Ikenberry and Rice
175.13	50.67	0.16652	Ikenberry and Rice
175.14	40.58	0.15619	Ikenberry and Rice
175.17	30.41	0.14443	Ikenberry and Rice
175.15	20.41	0.13092	Ikenberry and Rice
175.16	10.13	0.11406	Ikenberry and Rice
175.15	5.13	0.10276	Ikenberry and Rice
200.2	50.67	0.14531	Ikenberry and Rice
200.2	40.41	0.13422	Ikenberry and Rice
200.21	30.41	0.12205	Ikenberry and Rice
200.22	20.28	0.10686	Ikenberry and Rice
200.18	13.01	0.0928	Ikenberry and Rice
200.18	10.17	0.08573	Ikenberry and Rice
200.18	7.63	0.07828	Ikenberry and Rice
200.1	5.11	0.04192	Ikenberry and Rice
200.08	2.48	0.001813	Ikenberry and Rice
200.08	0.28	0.000174	Ikenberry and Rice
235.01	50.74	0.020786	Ikenberry and Rice
235	40.54	0.019681	Ikenberry and Rice
235	30.68	0.018228	Ikenberry and Rice
234.99	20.28	0.015717	Ikenberry and Rice
235	13.06	0.011882	Ikenberry and Rice
234.98	10.1	0.008769	Ikenberry and Rice
234.96	5.07	0.003294	Ikenberry and Rice
234.95	2.49	0.001419	Ikenberry and Rice
110.868	0.204	0.1846	Mardolcar and de Castro
111.002	1.1	0.18559	Mardolcar and de Castro
110.971	2.236	0.187	Mardolcar and de Castro
111.202	3.27	0.18806	Mardolcar and de Castro
111.024	4.269	0.18903	Mardolcar and de Castro
110.897	5.269	0.1901	Mardolcar and de Castro
111.038	6.337	0.19104	Mardolcar and de Castro
110.718	7.404	0.19255	Mardolcar and de Castro
110.952	8.645	0.19409	Mardolcar and de Castro
124.806	0.721	0.16441	Mardolcar and de Castro
124.985	1.755	0.1662	Mardolcar and de Castro
125.059	2.719	0.16739	Mardolcar and de Castro
125.034	3.822	0.16897	Mardolcar and de Castro
124.867	4.924	0.17041	Mardolcar and de Castro
125.196	5.957	0.17213	Mardolcar and de Castro
124.728	7.06	0.17344	Mardolcar and de Castro
124.784	8.369	0.1751	Mardolcar and de Castro
155.48	1.514	0.12211	Mardolcar and de Castro
155.251	2.306	0.12285	Mardolcar and de Castro
154.953	2.891	0.12547	Mardolcar and de Castro
155.192	3.374	0.12594	Mardolcar and de Castro
154.969	4.132	0.12752	Mardolcar and de Castro
155.034	4.924	0.12908	Mardolcar and de Castro
155.285	5.648	0.13018	Mardolcar and de Castro
154.726	6.302	0.13109	Mardolcar and de Castro
154.995	7.129	0.13264	Mardolcar and de Castro
154.598	7.887	0.13403	Mardolcar and de Castro
155.167	8.576	0.13551	Mardolcar and de Castro
180.336	3.753	0.08969	Mardolcar and de Castro
180.509	4.132	0.09115	Mardolcar and de Castro
180.132	4.58	0.09303	Mardolcar and de Castro
180.172	5.027	0.09396	Mardolcar and de Castro
180.255	5.578	0.09512	Mardolcar and de Castro
180.139	6.095	0.09701	Mardolcar and de Castro
180.058	6.784	0.09901	Mardolcar and de Castro
179.989	7.335	0.10049	Mardolcar and de Castro
179.905	8.231	0.10261	Mardolcar and de Castro
139.92	59.998	0.20488	Prasad et al.
140.07	59.998	0.2047	Prasad et al.
139.95	50.001	0.19645	Prasad et al.
139.97	50.001	0.19583	Prasad et al.
140.00	40.004	0.1873	Prasad et al.
140.01	40.004	0.18737	Prasad et al.
140.09	30.006	0.17687	Prasad et al.
140.00	30.006	0.1776	Prasad et al.
120.08	10.004	0.17956	Prasad et al.
120.01	10.004	0.17965	Prasad et al.
120.08	10.004	0.17974	Prasad et al.
119.90	20.002	0.19016	Prasad et al.
119.89	20.002	0.1908	Prasad et al.
120.04	29.999	0.19996	Prasad et al.
119.91	29.999	0.20032	Prasad et al.
119.94	40.004	0.20887	Prasad et al.
119.86	40.004	0.20933	Prasad et al.
121.01	50.001	0.21299	Prasad et al.
139.90	20.002	0.16686	Prasad et al.
139.93	20.002	0.16632	Prasad et al.
139.89	10.004	0.15405	Prasad et al.
139.89	10.004	0.1542	Prasad et al.
139.89	10.004	0.15385	Prasad et al.
139.92	4.999	0.14709	Prasad et al.
139.90	4.999	0.14719	Prasad et al.
139.95	2.496	0.14324	Prasad et al.
139.95	2.496	0.14339	Prasad et al.
159.93	2.496	0.11533	Prasad et al.
159.94	2.496	0.11508	Prasad et al.
159.90	20.002	0.14377	Prasad et al.
159.89	20.002	0.14374	Prasad et al.
159.96	29.999	0.15617	Prasad et al.
159.98	29.999	0.15582	Prasad et al.
159.98	10.004	0.12931	Prasad et al.
159.98	10.004	0.12916	Prasad et al.
159.98	4.999	0.12029	Prasad et al.
160.01	4.999	0.11994	Prasad et al.
160.04	2.496	0.11518	Prasad et al.
160.00	2.496	0.11493	Prasad et al.
160.00	40.004	0.16674	Prasad et al.
160.00	40.004	0.16664	Prasad et al.
160.00	49.994	0.17681	Prasad et al.
159.95	49.994	0.17698	Prasad et al.
159.98	59.998	0.18553	Prasad et al.
159.97	59.998	0.1858	Prasad et al.
160.05	69.996	0.1936	Prasad et al.
159.94	69.996	0.19417	Prasad et al.
179.96	69.996	0.17698	Prasad et al.
180.00	69.996	0.17706	Prasad et al.
179.91	59.998	0.16828	Prasad et al.
179.96	50.001	0.15837	Prasad et al.
179.92	40.004	0.14817	Prasad et al.
179.95	29.999	0.13653	Prasad et al.
180.00	20.002	0.12291	Prasad et al.
179.98	20.002	0.12279	Prasad et al.
179.98	9.997	0.106	Prasad et al.
179.98	9.997	0.10583	Prasad et al.
179.98	4.999	0.09392	Prasad et al.
179.99	4.999	0.09416	Prasad et al.
199.99	69.996	0.16118	Prasad et al.
200.01	59.998	0.15239	Prasad et al.
200.01	59.998	0.15244	Prasad et al.
200.01	50.001	0.14254	Prasad et al.
200.00	40.004	0.13159	Prasad et al.
199.99	29.999	0.11976	Prasad et al.
199.99	20.002	0.10491	Prasad et al.
200.00	10.004	0.08495	Prasad et al.
199.99	10.004	0.08465	Prasad et al.
199.99	4.999	0.04015	Prasad et al.
220.02	69.996	0.14779	Prasad et al.
220.00	69.996	0.14789	Prasad et al.
220.05	59.998	0.13911	Prasad et al.
220.01	50.001	0.12897	Prasad et al.
220.05	40.004	0.11807	Prasad et al.
220.11	29.999	0.10542	Prasad et al.
220.00	20.002	0.08967	Prasad et al.
220.03	9.997	0.06615	Prasad et al.
240.02	69.996	0.13742	Prasad et al.
240.06	59.998	0.12856	Prasad et al.
240.00	50.001	0.1183	Prasad et al.
240.00	40.004	0.10696	Prasad et al.
240.00	29.999	0.09438	Prasad et al.
240.06	20.002	0.07835	Prasad et al.
260.03	69.996	0.12814	Prasad et al.
260.00	59.998	0.1192	Prasad et al.
260.00	50.001	0.10925	Prasad et al.
260.03	40.004	0.09859	Prasad et al.
260.05	30.006	0.0862	Prasad et al.
300.18	69.996	0.11495	Prasad et al.
299.33	69.996	0.11572	Prasad et al.
300.07	69.996	0.11475	Prasad et al.
300.08	69.996	0.11455	Prasad et al.
300.00	59.998	0.106	Prasad et al.
300.01	59.998	0.10639	Prasad et al.
300.00	49.994	0.09709	Prasad et al.
300.03	49.994	0.09722	Prasad et al.
300.03	40.004	0.08659	Prasad et al.
300.05	40.004	0.08664	Prasad et al.
299.97	29.999	0.07499	Prasad et al.
299.97	29.999	0.07509	Prasad et al.
299.96	20.002	0.06081	Prasad et al.
300.04	20.002	0.06101	Prasad et al.
300.00	9.997	0.04304	Prasad et al.
299.93	9.997	0.04314	Prasad et al.
300.24	4.999	0.03513	Prasad et al.
299.66	4.999	0.03533	Prasad et al.
299.87	4.999	0.03573	Prasad et al.
300.00	4.999	0.03581	Prasad et al.
320.02	69.996	0.11032	Prasad et al.
320.07	69.996	0.11047	Prasad et al.
320.00	59.998	0.10151	Prasad et al.
319.95	59.998	0.10196	Prasad et al.
319.95	50.001	0.0928	Prasad et al.
319.94	50.001	0.0926	Prasad et al.
319.98	40.004	0.08305	Prasad et al.
319.98	40.004	0.0829	Prasad et al.
319.96	29.999	0.07275	Prasad et al.
319.98	29.999	0.07186	Prasad et al.
320.06	20.002	0.05919	Prasad et al.
320.04	20.002	0.05919	Prasad et al.
319.98	10.004	0.04492	Prasad et al.
320.00	10.004	0.04479	Prasad et al.
339.80	69.996	0.1066	Prasad et al.
339.96	10.004	0.04718	Prasad et al.
339.98	10.004	0.04767	Prasad et al.
340.00	10.004	0.04767	Prasad et al.
340.05	69.996	0.10605	Prasad et al.
340.02	69.996	0.10566	Prasad et al.
340.00	59.998	0.09853	Prasad et al.
340.02	59.998	0.09839	Prasad et al.
339.98	50.001	0.09013	Prasad et al.
339.96	40.004	0.08133	Prasad et al.
339.95	29.999	0.07126	Prasad et al.
340.23	20.002	0.05867	Prasad et al.
400.15	69.996	0.10224	Prasad et al.
400.07	59.998	0.09535	Prasad et al.
399.99	50.001	0.08789	Prasad et al.
399.95	40.004	0.07947	Prasad et al.
399.92	29.999	0.07129	Prasad et al.
399.88	20.002	0.06387	Prasad et al.
399.89	10.004	0.05403	Prasad et al.
379.92	69.996	0.10225	Prasad et al.
379.97	59.998	0.09598	Prasad et al.
379.98	50.001	0.08808	Prasad et al.
380.03	40.004	0.07998	Prasad et al.
379.97	40.004	0.07993	Prasad et al.
379.99	30.006	0.07116	Prasad et al.
380.09	20.002	0.06176	Prasad et al.
379.91	10.004	0.05297	Prasad et al.
359.90	69.996	0.10439	Prasad et al.
357.90	69.996	0.10454	Prasad et al.
359.89	59.998	0.09662	Prasad et al.
359.89	50.001	0.08934	Prasad et al.
359.90	40.004	0.08052	Prasad et al.
359.89	30.006	0.07068	Prasad et al.
359.91	20.002	0.06069	Prasad et al.
359.94	20.002	0.06069	Prasad et al.
359.94	10.011	0.05007	Prasad et al.
260.58	69.996	0.12947	Prasad et al.
260.51	59.998	0.11932	Prasad et al.
260.48	50.001	0.10935	Prasad et al.
260.53	40.004	0.09879	Prasad et al.
260.57	29.999	0.08661	Prasad et al.
260.71	20.009	0.07173	Prasad et al.
260.90	15.003	0.06045	Prasad et al.
261.15	20.009	0.07062	Prasad et al.
261.17	9.997	0.04618	Prasad et al.
261.69	4.999	0.03265	Prasad et al.
261.93	4.999	0.03245	Prasad et al.
277.15	69.996	0.12216	Prasad et al.
277.31	59.998	0.11322	Prasad et al.
277.43	49.994	0.10341	Prasad et al.
277.72	40.004	0.09336	Prasad et al.
277.98	29.999	0.08106	Prasad et al.
278.28	20.002	0.06516	Prasad et al.
278.52	15.003	0.05587	Prasad et al.
279.19	9.997	0.04447	Prasad et al.
279.51	5.006	0.03572	Prasad et al.
279.63	5.013	0.03572	Prasad et al.
279.99	9.997	0.04461	Prasad et al.